T0;alpha;graine;coût;itérations;temps (s)
0.1;0.99;0;-0.05304880011829566;29900;36.542282099999284
0.1;0.99;1;-0.3177021735023003;29900;34.987173800000164
0.1;0.995;0;-0.11964083362023603;59800;69.51218950000111
0.1;0.995;1;-0.5471602142728389;59800;74.76817660000233
0.1;0.998;0;-0.27875474015430124;149700;175.25187860000005
0.1;0.998;1;-0.3997818858492008;149700;182.51367319999918
1.0;0.99;0;-0.574963207901022;52800;63.447101400000975
1.0;0.99;1;-0.6356732845413815;52800;60.70113330000095
1.0;0.995;0;-0.3782548596508528;105800;121.78881810000166
1.0;0.995;1;-0.5175654511007272;105800;117.53291529999842
1.0;0.998;0;-0.5785807203127662;250000;283.47211550000065
1.0;0.998;1;-0.6675062490875096;250000;270.75965259999793
5.0;0.99;0;-0.6993220224277679;68800;78.11927610000203
5.0;0.99;1;-0.20509116669259353;68800;83.98835989999861
5.0;0.995;0;-0.5943884607405576;137900;157.8089480000017
5.0;0.995;1;-0.6172877230471392;137900;135.6915818999987
5.0;0.998;0;-0.6456971553519493;250000;304.9570677999982
5.0;0.998;1;-0.48790180780099124;250000;265.3600308999994
