poids stabilité;graine;créneaux modifiés;gain prévu lits (%);gain prévu ambu (%);gain mesuré nuits hors ±2 (points);gain mesuré écart-type ambu (%)
0.0;0;31;43.278257327202915;67.19654243196607;7.692307692307693;34.44267961659004
0.0;1;29;42.980162918720765;81.46368878988402;4.945054945054945;47.31194099943586
0.3;0;21;48.721137536373405;83.71292414471036;7.692307692307693;51.53968081772775
0.3;1;24;50.46388045447671;83.70861529327574;5.2197802197802226;51.913473193868455
0.6;0;22;43.91268088013332;76.82675065709206;3.571428571428573;38.802110037448344
0.6;1;26;51.686806320563036;68.11578578705047;6.318681318681321;41.80472571115638
1.0;0;17;34.45547672281123;46.593585694030345;0.0;19.449652040099785
1.0;1;22;51.411076445421756;67.79602505322767;7.692307692307693;45.97257531557419
1.5;0;14;42.53156346892764;53.85501906556842;6.043956043956044;29.49449850880317
1.5;1;15;47.24301932238427;58.755837768070265;4.6703296703296715;36.11953343519587
2.0;0;14;44.40793910521177;70.86412823090409;3.571428571428573;44.99797160405963
2.0;1;11;22.011633154905795;53.33115807916846;-6.3186813186813175;29.59868902691687
3.0;0;10;18.45233511442873;44.45895019968563;-10.989010989010989;15.712870086550613
3.0;1;10;28.302225660182966;39.4269244243619;-0.549450549450551;25.124602276028906
