date;lits_occupes_nuit;entrees;sorties;interventions;ambulatoires;jour_semaine_nom;nuit_weekend;vacances_ou_ferie;periode_covid;annee
2018-11-14;1;1;0;0;0;mercredi;False;False;False;2018
2018-11-15;1;0;0;0;0;jeudi;False;False;False;2018
2018-11-16;1;0;0;0;0;vendredi;True;False;False;2018
2018-11-17;1;0;0;0;0;samedi;True;False;False;2018
2018-11-18;1;0;0;0;0;dimanche;True;False;False;2018
2018-11-19;1;0;0;0;0;lundi;False;False;False;2018
2018-11-20;1;0;0;0;0;mardi;False;False;False;2018
2018-11-21;1;0;0;0;0;mercredi;False;False;False;2018
2018-11-22;1;0;0;0;0;jeudi;False;False;False;2018
2018-11-23;1;0;0;0;0;vendredi;True;False;False;2018
2018-11-24;1;0;0;0;0;samedi;True;False;False;2018
2018-11-25;1;0;0;0;0;dimanche;True;False;False;2018
2018-11-26;1;0;0;0;0;lundi;False;False;False;2018
2018-11-27;1;0;0;0;0;mardi;False;False;False;2018
2018-11-28;1;0;0;0;0;mercredi;False;False;False;2018
2018-11-29;1;0;0;0;0;jeudi;False;False;False;2018
2018-11-30;1;0;0;0;0;vendredi;True;False;False;2018
2018-12-01;1;0;0;0;0;samedi;True;False;False;2018
2018-12-02;1;0;0;0;0;dimanche;True;False;False;2018
2018-12-03;1;0;0;0;0;lundi;False;False;False;2018
2018-12-04;1;0;0;0;0;mardi;False;False;False;2018
2018-12-05;1;0;0;0;0;mercredi;False;False;False;2018
2018-12-06;1;0;0;0;0;jeudi;False;False;False;2018
2018-12-07;1;0;0;0;0;vendredi;True;False;False;2018
2018-12-08;1;0;0;0;0;samedi;True;False;False;2018
2018-12-09;1;0;0;0;0;dimanche;True;False;False;2018
2018-12-10;1;0;0;0;0;lundi;False;False;False;2018
2018-12-11;1;0;0;0;0;mardi;False;False;False;2018
2018-12-12;1;0;0;0;0;mercredi;False;False;False;2018
2018-12-13;1;0;0;0;0;jeudi;False;False;False;2018
2018-12-14;1;0;0;0;0;vendredi;True;False;False;2018
2018-12-15;1;0;0;0;0;samedi;True;False;False;2018
2018-12-16;1;0;0;0;0;dimanche;True;False;False;2018
2018-12-17;1;0;0;0;0;lundi;False;False;False;2018
2018-12-18;1;0;0;0;0;mardi;False;False;False;2018
2018-12-19;1;0;0;0;0;mercredi;False;False;False;2018
2018-12-20;1;0;0;0;0;jeudi;False;False;False;2018
2018-12-21;1;0;0;0;0;vendredi;True;False;False;2018
2018-12-22;1;0;0;0;0;samedi;True;True;False;2018
2018-12-23;1;0;0;0;0;dimanche;True;True;False;2018
2018-12-24;1;0;0;0;0;lundi;False;True;False;2018
2018-12-25;1;0;0;0;0;mardi;False;True;False;2018
2018-12-26;1;0;0;0;0;mercredi;False;True;False;2018
2018-12-27;1;0;0;0;0;jeudi;False;True;False;2018
2018-12-28;1;0;0;0;0;vendredi;True;True;False;2018
2018-12-29;1;0;0;0;0;samedi;True;True;False;2018
2018-12-30;1;0;0;0;0;dimanche;True;True;False;2018
2018-12-31;1;0;0;0;0;lundi;False;True;False;2018
2019-01-01;4;3;0;0;0;mardi;False;True;False;2019
2019-01-02;7;5;0;7;2;mercredi;False;True;False;2019
2019-01-03;12;7;0;7;2;jeudi;False;True;False;2019
2019-01-04;13;17;4;18;12;vendredi;True;True;False;2019
2019-01-05;8;0;5;0;0;samedi;True;True;False;2019
2019-01-06;12;5;1;0;0;dimanche;True;True;False;2019
2019-01-07;20;23;3;25;12;lundi;False;False;False;2019
2019-01-08;22;15;4;17;9;mardi;False;False;False;2019
2019-01-09;19;22;9;21;16;mercredi;False;False;False;2019
2019-01-10;23;23;5;21;14;jeudi;False;False;False;2019
2019-01-11;15;12;13;16;7;vendredi;True;False;False;2019
2019-01-12;13;0;2;0;0;samedi;True;False;False;2019
2019-01-13;12;3;4;0;0;dimanche;True;False;False;2019
2019-01-14;10;23;7;24;18;lundi;False;False;False;2019
2019-01-15;16;16;1;16;9;mardi;False;False;False;2019
2019-01-16;22;21;3;21;12;mercredi;False;False;False;2019
2019-01-17;24;16;8;16;6;jeudi;False;False;False;2019
2019-01-18;21;17;12;18;8;vendredi;True;False;False;2019
2019-01-19;13;1;9;1;0;samedi;True;False;False;2019
2019-01-20;14;4;3;0;0;dimanche;True;False;False;2019
2019-01-21;15;21;7;23;13;lundi;False;False;False;2019
2019-01-22;21;19;2;18;11;mardi;False;False;False;2019
2019-01-23;26;18;3;19;10;mercredi;False;False;False;2019
2019-01-24;23;16;8;16;11;jeudi;False;False;False;2019
2019-01-25;19;9;10;12;3;vendredi;True;False;False;2019
2019-01-26;15;0;4;0;0;samedi;True;False;False;2019
2019-01-27;17;4;2;1;0;dimanche;True;False;False;2019
2019-01-28;14;23;8;25;18;lundi;False;False;False;2019
2019-01-29;18;15;4;14;7;mardi;False;False;False;2019
2019-01-30;19;25;7;27;17;mercredi;False;False;False;2019
2019-01-31;20;19;11;14;7;jeudi;False;False;False;2019
2019-02-01;22;10;5;14;3;vendredi;True;False;False;2019
2019-02-02;14;1;8;1;1;samedi;True;False;False;2019
2019-02-03;16;4;2;0;0;dimanche;True;False;False;2019
2019-02-04;22;23;6;24;11;lundi;False;False;False;2019
2019-02-05;29;16;4;16;5;mardi;False;False;False;2019
2019-02-06;30;21;9;22;11;mercredi;False;False;False;2019
2019-02-07;23;19;15;16;11;jeudi;False;False;False;2019
2019-02-08;26;18;6;24;9;vendredi;True;False;False;2019
2019-02-09;20;0;6;0;0;samedi;True;True;False;2019
2019-02-10;13;1;8;0;0;dimanche;True;True;False;2019
2019-02-11;13;27;8;24;19;lundi;False;True;False;2019
2019-02-12;14;16;4;19;11;mardi;False;True;False;2019
2019-02-13;19;16;3;16;8;mercredi;False;True;False;2019
2019-02-14;19;20;6;19;14;jeudi;False;True;False;2019
2019-02-15;18;13;7;16;7;vendredi;True;True;False;2019
2019-02-16;12;0;6;0;0;samedi;True;True;False;2019
2019-02-17;14;4;2;0;0;dimanche;True;True;False;2019
2019-02-18;15;13;7;14;5;lundi;False;True;False;2019
2019-02-19;13;12;4;13;10;mardi;False;True;False;2019
2019-02-20;15;11;5;10;4;mercredi;False;True;False;2019
2019-02-21;22;17;2;16;8;jeudi;False;True;False;2019
2019-02-22;15;9;12;13;4;vendredi;True;True;False;2019
2019-02-23;11;0;4;0;0;samedi;True;True;False;2019
2019-02-24;12;3;2;0;0;dimanche;True;True;False;2019
2019-02-25;13;25;6;25;18;lundi;False;False;False;2019
2019-02-26;14;16;3;18;12;mardi;False;False;False;2019
2019-02-27;15;21;5;20;15;mercredi;False;False;False;2019
2019-02-28;15;18;7;20;11;jeudi;False;False;False;2019
2019-03-01;17;18;6;18;10;vendredi;True;False;False;2019
2019-03-02;9;0;8;0;0;samedi;True;False;False;2019
2019-03-03;10;3;2;0;0;dimanche;True;False;False;2019
2019-03-04;12;21;7;20;12;lundi;False;False;False;2019
2019-03-05;17;15;1;15;9;mardi;False;False;False;2019
2019-03-06;17;17;5;19;12;mercredi;False;False;False;2019
2019-03-07;21;18;4;17;10;jeudi;False;False;False;2019
2019-03-08;19;11;8;14;5;vendredi;True;False;False;2019
2019-03-09;13;0;6;0;0;samedi;True;False;False;2019
2019-03-10;9;1;5;0;0;dimanche;True;False;False;2019
2019-03-11;6;22;7;20;18;lundi;False;False;False;2019
2019-03-12;12;10;0;11;4;mardi;False;False;False;2019
2019-03-13;20;22;2;21;12;mercredi;False;False;False;2019
2019-03-14;11;11;10;14;10;jeudi;False;False;False;2019
2019-03-15;13;18;3;18;13;vendredi;True;False;False;2019
2019-03-16;6;0;7;0;0;samedi;True;False;False;2019
2019-03-17;9;4;1;0;0;dimanche;True;False;False;2019
2019-03-18;12;21;4;22;14;lundi;False;False;False;2019
2019-03-19;16;20;2;18;14;mardi;False;False;False;2019
2019-03-20;18;17;3;19;12;mercredi;False;False;False;2019
2019-03-21;18;13;4;14;9;jeudi;False;False;False;2019
2019-03-22;17;15;7;16;9;vendredi;True;False;False;2019
2019-03-23;9;0;8;0;0;samedi;True;False;False;2019
2019-03-24;9;2;2;0;0;dimanche;True;False;False;2019
2019-03-25;13;27;4;27;19;lundi;False;False;False;2019
2019-03-26;16;17;5;18;9;mardi;False;False;False;2019
2019-03-27;17;21;5;20;15;mercredi;False;False;False;2019
2019-03-28;18;16;5;16;10;jeudi;False;False;False;2019
2019-03-29;18;14;6;16;8;vendredi;True;False;False;2019
2019-03-30;13;0;5;0;0;samedi;True;False;False;2019
2019-03-31;13;5;5;0;0;dimanche;True;False;False;2019
2019-04-01;17;13;2;17;7;lundi;False;False;False;2019
2019-04-02;21;15;3;14;8;mardi;False;False;False;2019
2019-04-03;20;15;7;15;9;mercredi;False;False;False;2019
2019-04-04;25;24;8;20;11;jeudi;False;False;False;2019
2019-04-05;21;10;11;17;3;vendredi;True;False;False;2019
2019-04-06;19;0;2;0;0;samedi;True;True;False;2019
2019-04-07;12;0;7;0;0;dimanche;True;True;False;2019
2019-04-08;12;20;8;17;12;lundi;False;True;False;2019
2019-04-09;14;12;5;13;5;mardi;False;True;False;2019
2019-04-10;13;12;4;14;9;mercredi;False;True;False;2019
2019-04-11;16;13;5;10;5;jeudi;False;True;False;2019
2019-04-12;14;15;7;18;10;vendredi;True;True;False;2019
2019-04-13;8;1;6;1;1;samedi;True;True;False;2019
2019-04-14;8;3;3;0;0;dimanche;True;True;False;2019
2019-04-15;15;16;2;15;7;lundi;False;True;False;2019
2019-04-16;18;18;3;19;12;mardi;False;True;False;2019
2019-04-17;16;11;4;13;9;mercredi;False;True;False;2019
2019-04-18;19;17;5;17;9;jeudi;False;True;False;2019
2019-04-19;13;6;7;7;5;vendredi;True;True;False;2019
2019-04-20;7;0;6;0;0;samedi;True;True;False;2019
2019-04-21;5;0;2;0;0;dimanche;True;True;False;2019
2019-04-22;8;5;2;0;0;lundi;False;True;False;2019
2019-04-23;15;17;2;20;8;mardi;False;False;False;2019
2019-04-24;24;22;2;21;11;mercredi;False;False;False;2019
2019-04-25;17;16;11;17;12;jeudi;False;False;False;2019
2019-04-26;23;20;5;21;9;vendredi;True;False;False;2019
2019-04-27;19;0;4;0;0;samedi;True;False;False;2019
2019-04-28;16;3;5;1;1;dimanche;True;False;False;2019
2019-04-29;16;19;10;17;9;lundi;False;False;False;2019
2019-04-30;16;14;2;18;12;mardi;False;False;False;2019
2019-05-01;14;3;5;0;0;mercredi;False;True;False;2019
2019-05-02;17;12;4;11;5;jeudi;False;False;False;2019
2019-05-03;15;8;6;13;4;vendredi;True;False;False;2019
2019-05-04;13;0;2;0;0;samedi;True;False;False;2019
2019-05-05;12;2;3;0;0;dimanche;True;False;False;2019
2019-05-06;13;22;7;20;14;lundi;False;False;False;2019
2019-05-07;15;12;3;14;7;mardi;False;False;False;2019
2019-05-08;19;15;4;16;7;mercredi;False;True;False;2019
2019-05-09;15;14;9;12;9;jeudi;False;False;False;2019
2019-05-10;12;10;6;13;7;vendredi;True;False;False;2019
2019-05-11;7;0;5;0;0;samedi;True;False;False;2019
2019-05-12;9;3;1;0;0;dimanche;True;False;False;2019
2019-05-13;16;17;4;17;6;lundi;False;False;False;2019
2019-05-14;19;15;2;17;10;mardi;False;False;False;2019
2019-05-15;18;12;8;12;5;mercredi;False;False;False;2019
2019-05-16;11;9;10;8;6;jeudi;False;False;False;2019
2019-05-17;5;5;6;7;5;vendredi;True;False;False;2019
2019-05-18;5;0;0;0;0;samedi;True;False;False;2019
2019-05-19;4;1;2;0;0;dimanche;True;False;False;2019
2019-05-20;12;24;2;23;14;lundi;False;False;False;2019
2019-05-21;11;7;3;8;5;mardi;False;False;False;2019
2019-05-22;6;4;7;5;2;mercredi;False;False;False;2019
2019-05-23;4;0;2;0;0;jeudi;False;False;False;2019
2019-05-24;0;0;4;0;0;vendredi;True;False;False;2019
2019-05-25;0;0;0;0;0;samedi;True;False;False;2019
2019-05-26;1;1;0;0;0;dimanche;True;False;False;2019
2019-05-27;10;15;0;12;6;lundi;False;False;False;2019
2019-05-28;11;6;2;7;3;mardi;False;False;False;2019
2019-05-29;15;9;2;9;3;mercredi;False;False;False;2019
2019-05-30;18;8;4;8;1;jeudi;False;True;False;2019
2019-05-31;18;15;6;17;9;vendredi;True;True;False;2019
2019-06-01;12;1;6;2;1;samedi;True;False;False;2019
2019-06-02;7;0;5;0;0;dimanche;True;False;False;2019
2019-06-03;10;21;4;20;14;lundi;False;False;False;2019
2019-06-04;10;11;5;10;6;mardi;False;False;False;2019
2019-06-05;13;18;5;18;10;mercredi;False;False;False;2019
2019-06-06;13;14;6;15;8;jeudi;False;False;False;2019
2019-06-07;12;13;5;14;9;vendredi;True;False;False;2019
2019-06-08;8;0;4;0;0;samedi;True;False;False;2019
2019-06-09;9;4;3;0;0;dimanche;True;False;False;2019
2019-06-10;19;17;2;18;5;lundi;False;True;False;2019
2019-06-11;22;15;4;14;8;mardi;False;False;False;2019
2019-06-12;22;20;8;20;12;mercredi;False;False;False;2019
2019-06-13;16;13;11;14;8;jeudi;False;False;False;2019
2019-06-14;18;14;4;17;8;vendredi;True;False;False;2019
2019-06-15;13;0;5;0;0;samedi;True;False;False;2019
2019-06-16;10;1;4;0;0;dimanche;True;False;False;2019
2019-06-17;9;24;7;21;18;lundi;False;False;False;2019
2019-06-18;14;13;0;14;8;mardi;False;False;False;2019
2019-06-19;15;19;5;20;13;mercredi;False;False;False;2019
2019-06-20;11;3;5;5;2;jeudi;False;False;False;2019
2019-06-21;12;10;3;10;6;vendredi;True;False;False;2019
2019-06-22;6;0;6;0;0;samedi;True;False;False;2019
2019-06-23;8;3;1;0;0;dimanche;True;False;False;2019
2019-06-24;9;14;5;16;8;lundi;False;False;False;2019
2019-06-25;14;11;2;10;4;mardi;False;False;False;2019
2019-06-26;16;11;2;11;7;mercredi;False;False;False;2019
2019-06-27;19;16;6;14;7;jeudi;False;False;False;2019
2019-06-28;17;7;6;11;3;vendredi;True;False;False;2019
2019-06-29;14;0;3;0;0;samedi;True;False;False;2019
2019-06-30;11;0;3;0;0;dimanche;True;False;False;2019
2019-07-01;10;15;8;13;8;lundi;False;False;False;2019
2019-07-02;9;11;5;11;7;mardi;False;False;False;2019
2019-07-03;8;11;4;13;8;mercredi;False;False;False;2019
2019-07-04;11;18;3;15;12;jeudi;False;False;False;2019
2019-07-05;15;14;4;17;6;vendredi;True;False;False;2019
2019-07-06;11;1;5;1;0;samedi;True;True;False;2019
2019-07-07;8;0;3;0;0;dimanche;True;True;False;2019
2019-07-08;13;15;3;13;7;lundi;False;True;False;2019
2019-07-09;19;12;2;13;4;mardi;False;True;False;2019
2019-07-10;14;13;9;14;9;mercredi;False;True;False;2019
2019-07-11;12;10;9;6;3;jeudi;False;True;False;2019
2019-07-12;13;14;4;18;9;vendredi;True;True;False;2019
2019-07-13;10;0;3;0;0;samedi;True;True;False;2019
2019-07-14;7;2;5;1;0;dimanche;True;True;False;2019
2019-07-15;7;11;5;10;6;lundi;False;True;False;2019
2019-07-16;10;10;2;9;5;mardi;False;True;False;2019
2019-07-17;10;12;4;15;8;mercredi;False;True;False;2019
2019-07-18;13;14;4;11;7;jeudi;False;True;False;2019
2019-07-19;8;3;6;6;2;vendredi;True;True;False;2019
2019-07-20;7;0;1;0;0;samedi;True;True;False;2019
2019-07-21;6;0;1;0;0;dimanche;True;True;False;2019
2019-07-22;3;4;5;3;2;lundi;False;True;False;2019
2019-07-23;5;5;1;5;2;mardi;False;True;False;2019
2019-07-24;6;6;1;7;4;mercredi;False;True;False;2019
2019-07-25;4;3;2;3;3;jeudi;False;True;False;2019
2019-07-26;4;7;2;7;5;vendredi;True;True;False;2019
2019-07-27;3;1;2;0;0;samedi;True;True;False;2019
2019-07-28;4;2;1;0;0;dimanche;True;True;False;2019
2019-07-29;11;12;1;11;4;lundi;False;True;False;2019
2019-07-30;12;7;4;6;2;mardi;False;True;False;2019
2019-07-31;12;7;4;12;3;mercredi;False;True;False;2019
2019-08-01;6;0;6;0;0;jeudi;False;True;False;2019
2019-08-02;12;13;2;13;5;vendredi;True;True;False;2019
2019-08-03;10;0;2;0;0;samedi;True;True;False;2019
2019-08-04;10;3;3;0;0;dimanche;True;True;False;2019
2019-08-05;7;10;5;12;8;lundi;False;True;False;2019
2019-08-06;11;6;2;5;0;mardi;False;True;False;2019
2019-08-07;10;3;3;5;1;mercredi;False;True;False;2019
2019-08-08;7;5;5;4;3;jeudi;False;True;False;2019
2019-08-09;7;5;1;6;4;vendredi;True;True;False;2019
2019-08-10;6;0;1;0;0;samedi;True;True;False;2019
2019-08-11;7;2;1;0;0;dimanche;True;True;False;2019
2019-08-12;5;9;5;11;6;lundi;False;True;False;2019
2019-08-13;6;3;1;3;1;mardi;False;True;False;2019
2019-08-14;3;0;3;0;0;mercredi;False;True;False;2019
2019-08-15;1;0;2;0;0;jeudi;False;True;False;2019
2019-08-16;0;0;1;0;0;vendredi;True;True;False;2019
2019-08-17;0;0;0;0;0;samedi;True;True;False;2019
2019-08-18;3;3;0;1;0;dimanche;True;True;False;2019
2019-08-19;8;8;1;7;2;lundi;False;True;False;2019
2019-08-20;14;9;0;9;3;mardi;False;True;False;2019
2019-08-21;14;9;5;11;4;mercredi;False;True;False;2019
2019-08-22;14;14;6;15;8;jeudi;False;True;False;2019
2019-08-23;12;5;5;5;2;vendredi;True;True;False;2019
2019-08-24;7;0;5;0;0;samedi;True;True;False;2019
2019-08-25;6;1;2;0;0;dimanche;True;True;False;2019
2019-08-26;8;15;3;13;10;lundi;False;True;False;2019
2019-08-27;8;5;2;7;3;mardi;False;True;False;2019
2019-08-28;10;8;2;7;4;mercredi;False;True;False;2019
2019-08-29;10;6;3;7;3;jeudi;False;True;False;2019
2019-08-30;9;5;5;6;1;vendredi;True;True;False;2019
2019-08-31;7;0;2;0;0;samedi;True;True;False;2019
2019-09-01;6;1;2;0;0;dimanche;True;True;False;2019
2019-09-02;10;11;4;8;3;lundi;False;False;False;2019
2019-09-03;12;9;2;11;5;mardi;False;False;False;2019
2019-09-04;15;10;3;11;4;mercredi;False;False;False;2019
2019-09-05;10;11;10;9;6;jeudi;False;False;False;2019
2019-09-06;8;5;5;8;2;vendredi;True;False;False;2019
2019-09-07;7;0;1;0;0;samedi;True;False;False;2019
2019-09-08;9;3;1;0;0;dimanche;True;False;False;2019
2019-09-09;9;13;5;13;8;lundi;False;False;False;2019
2019-09-10;15;14;1;17;7;mardi;False;False;False;2019
2019-09-11;15;12;5;12;7;mercredi;False;False;False;2019
2019-09-12;12;20;11;19;12;jeudi;False;False;False;2019
2019-09-13;11;13;7;14;7;vendredi;True;False;False;2019
2019-09-14;7;0;4;0;0;samedi;True;False;False;2019
2019-09-15;7;3;3;0;0;dimanche;True;False;False;2019
2019-09-16;14;17;3;15;7;lundi;False;False;False;2019
2019-09-17;21;17;1;19;9;mardi;False;False;False;2019
2019-09-18;20;13;7;15;7;mercredi;False;False;False;2019
2019-09-19;17;17;10;13;10;jeudi;False;False;False;2019
2019-09-20;16;12;5;17;8;vendredi;True;False;False;2019
2019-09-21;11;0;5;0;0;samedi;True;False;False;2019
2019-09-22;10;1;2;0;0;dimanche;True;False;False;2019
2019-09-23;10;22;6;21;16;lundi;False;False;False;2019
2019-09-24;16;18;4;18;8;mardi;False;False;False;2019
2019-09-25;18;20;5;18;13;mercredi;False;False;False;2019
2019-09-26;20;13;7;15;4;jeudi;False;False;False;2019
2019-09-27;17;12;10;14;5;vendredi;True;False;False;2019
2019-09-28;10;1;8;1;0;samedi;True;False;False;2019
2019-09-29;13;5;2;0;0;dimanche;True;False;False;2019
2019-09-30;10;7;5;12;5;lundi;False;False;False;2019
2019-10-01;15;16;1;13;10;mardi;False;False;False;2019
2019-10-02;20;17;3;18;9;mercredi;False;False;False;2019
2019-10-03;20;13;7;14;6;jeudi;False;False;False;2019
2019-10-04;17;10;10;11;3;vendredi;True;False;False;2019
2019-10-05;14;0;3;0;0;samedi;True;False;False;2019
2019-10-06;11;4;7;0;0;dimanche;True;False;False;2019
2019-10-07;14;16;5;17;8;lundi;False;False;False;2019
2019-10-08;15;13;4;14;8;mardi;False;False;False;2019
2019-10-09;19;14;4;13;6;mercredi;False;False;False;2019
2019-10-10;22;16;7;18;6;jeudi;False;False;False;2019
2019-10-11;20;12;9;13;5;vendredi;True;False;False;2019
2019-10-12;15;0;5;0;0;samedi;True;False;False;2019
2019-10-13;18;6;3;0;0;dimanche;True;False;False;2019
2019-10-14;15;16;10;19;9;lundi;False;False;False;2019
2019-10-15;19;10;2;10;4;mardi;False;False;False;2019
2019-10-16;23;19;5;20;10;mercredi;False;False;False;2019
2019-10-17;23;17;8;14;9;jeudi;False;False;False;2019
2019-10-18;24;12;7;17;4;vendredi;True;False;False;2019
2019-10-19;17;0;7;0;0;samedi;True;True;False;2019
2019-10-20;11;1;7;0;0;dimanche;True;True;False;2019
2019-10-21;12;19;6;16;12;lundi;False;True;False;2019
2019-10-22;19;14;2;14;5;mardi;False;True;False;2019
2019-10-23;20;17;4;19;12;mercredi;False;True;False;2019
2019-10-24;13;13;8;14;12;jeudi;False;True;False;2019
2019-10-25;19;20;5;21;9;vendredi;True;True;False;2019
2019-10-26;7;0;12;0;0;samedi;True;True;False;2019
2019-10-27;10;4;0;1;1;dimanche;True;True;False;2019
2019-10-28;12;13;6;13;5;lundi;False;True;False;2019
2019-10-29;14;13;3;13;8;mardi;False;True;False;2019
2019-10-30;17;15;5;15;7;mercredi;False;True;False;2019
2019-10-31;16;12;5;15;8;jeudi;False;True;False;2019
2019-11-01;15;1;2;0;0;vendredi;True;True;False;2019
2019-11-02;10;0;5;1;0;samedi;True;True;False;2019
2019-11-03;14;4;0;0;0;dimanche;True;True;False;2019
2019-11-04;18;24;9;22;11;lundi;False;False;False;2019
2019-11-05;22;22;5;23;13;mardi;False;False;False;2019
2019-11-06;23;17;5;21;11;mercredi;False;False;False;2019
2019-11-07;21;18;7;18;13;jeudi;False;False;False;2019
2019-11-08;22;22;8;23;13;vendredi;True;False;False;2019
2019-11-09;16;0;6;0;0;samedi;True;False;False;2019
2019-11-10;16;5;5;0;0;dimanche;True;False;False;2019
2019-11-11;22;15;3;15;6;lundi;False;True;False;2019
2019-11-12;19;10;5;13;8;mardi;False;False;False;2019
2019-11-13;25;24;6;24;12;mercredi;False;False;False;2019
2019-11-14;22;21;9;18;15;jeudi;False;False;False;2019
2019-11-15;24;14;6;19;6;vendredi;True;False;False;2019
2019-11-16;16;0;8;0;0;samedi;True;False;False;2019
2019-11-17;13;1;4;0;0;dimanche;True;False;False;2019
2019-11-18;9;19;8;20;15;lundi;False;False;False;2019
2019-11-19;10;4;3;0;0;mardi;False;False;False;2019
2019-11-20;16;22;5;22;11;mercredi;False;False;False;2019
2019-11-21;18;15;5;16;8;jeudi;False;False;False;2019
2019-11-22;19;14;5;17;8;vendredi;True;False;False;2019
2019-11-23;18;1;2;1;0;samedi;True;False;False;2019
2019-11-24;22;6;2;0;0;dimanche;True;False;False;2019
2019-11-25;18;21;11;24;14;lundi;False;False;False;2019
2019-11-26;21;23;6;23;14;mardi;False;False;False;2019
2019-11-27;27;23;6;23;11;mercredi;False;False;False;2019
2019-11-28;19;14;14;16;8;jeudi;False;False;False;2019
2019-11-29;16;11;7;12;7;vendredi;True;False;False;2019
2019-11-30;13;0;3;0;0;samedi;True;False;False;2019
2019-12-01;17;6;2;0;0;dimanche;True;False;False;2019
2019-12-02;14;17;10;18;10;lundi;False;False;False;2019
2019-12-03;25;19;1;21;7;mardi;False;False;False;2019
2019-12-04;26;19;9;19;9;mercredi;False;False;False;2019
2019-12-05;21;14;11;16;8;jeudi;False;False;False;2019
2019-12-06;15;7;12;8;1;vendredi;True;False;False;2019
2019-12-07;11;1;5;1;0;samedi;True;False;False;2019
2019-12-08;10;0;1;0;0;dimanche;True;False;False;2019
2019-12-09;12;19;6;16;11;lundi;False;False;False;2019
2019-12-10;13;17;4;18;12;mardi;False;False;False;2019
2019-12-11;15;21;5;22;14;mercredi;False;False;False;2019
2019-12-12;17;18;6;18;10;jeudi;False;False;False;2019
2019-12-13;17;13;4;14;9;vendredi;True;False;False;2019
2019-12-14;11;0;6;0;0;samedi;True;False;False;2019
2019-12-15;7;0;4;0;0;dimanche;True;False;False;2019
2019-12-16;5;19;6;17;15;lundi;False;False;False;2019
2019-12-17;10;15;1;16;9;mardi;False;False;False;2019
2019-12-18;13;17;4;14;10;mercredi;False;False;False;2019
2019-12-19;16;12;3;14;6;jeudi;False;False;False;2019
2019-12-20;15;14;7;16;8;vendredi;True;False;False;2019
2019-12-21;11;0;4;0;0;samedi;True;True;False;2019
2019-12-22;10;3;4;0;0;dimanche;True;True;False;2019
2019-12-23;3;3;8;6;2;lundi;False;True;False;2019
2019-12-24;2;0;1;0;0;mardi;False;True;False;2019
2019-12-25;2;0;0;0;0;mercredi;False;True;False;2019
2019-12-26;2;1;1;1;0;jeudi;False;True;False;2019
2019-12-27;0;1;2;1;1;vendredi;True;True;False;2019
2019-12-28;1;1;0;0;0;samedi;True;True;False;2019
2019-12-29;4;3;0;0;0;dimanche;True;True;False;2019
2019-12-30;6;6;0;10;4;lundi;False;True;False;2019
2019-12-31;6;0;0;0;0;mardi;False;True;False;2019
2020-01-01;6;1;1;0;0;mercredi;False;True;False;2020
2020-01-02;5;3;2;3;2;jeudi;False;True;False;2020
2020-01-03;5;3;2;4;1;vendredi;True;True;False;2020
2020-01-04;4;0;1;0;0;samedi;True;True;False;2020
2020-01-05;9;9;2;2;2;dimanche;True;True;False;2020
2020-01-06;17;11;1;14;2;lundi;False;False;False;2020
2020-01-07;25;19;1;18;10;mardi;False;False;False;2020
2020-01-08;26;25;9;25;15;mercredi;False;False;False;2020
2020-01-09;25;18;9;18;10;jeudi;False;False;False;2020
2020-01-10;25;19;9;24;10;vendredi;True;False;False;2020
2020-01-11;19;1;6;1;1;samedi;True;False;False;2020
2020-01-12;17;2;4;0;0;dimanche;True;False;False;2020
2020-01-13;19;22;11;18;9;lundi;False;False;False;2020
2020-01-14;21;20;7;21;11;mardi;False;False;False;2020
2020-01-15;24;18;4;21;11;mercredi;False;False;False;2020
2020-01-16;23;18;8;17;11;jeudi;False;False;False;2020
2020-01-17;23;18;7;21;11;vendredi;True;False;False;2020
2020-01-18;18;0;5;0;0;samedi;True;False;False;2020
2020-01-19;20;6;4;0;0;dimanche;True;False;False;2020
2020-01-20;19;19;11;21;9;lundi;False;False;False;2020
2020-01-21;26;26;4;25;15;mardi;False;False;False;2020
2020-01-22;25;21;6;24;16;mercredi;False;False;False;2020
2020-01-23;28;22;8;20;11;jeudi;False;False;False;2020
2020-01-24;25;17;11;21;9;vendredi;True;False;False;2020
2020-01-25;16;0;9;0;0;samedi;True;False;False;2020
2020-01-26;16;3;3;0;0;dimanche;True;False;False;2020
2020-01-27;16;23;9;22;14;lundi;False;False;False;2020
2020-01-28;18;15;6;15;7;mardi;False;False;False;2020
2020-01-29;21;19;6;22;10;mercredi;False;False;False;2020
2020-01-30;19;16;9;14;9;jeudi;False;False;False;2020
2020-01-31;16;13;7;16;9;vendredi;True;False;False;2020
2020-02-01;13;0;3;0;0;samedi;True;False;False;2020
2020-02-02;17;5;1;0;0;dimanche;True;False;False;2020
2020-02-03;15;14;9;16;7;lundi;False;False;False;2020
2020-02-04;25;27;1;24;16;mardi;False;False;False;2020
2020-02-05;28;20;8;22;9;mercredi;False;False;False;2020
2020-02-06;27;18;9;16;10;jeudi;False;False;False;2020
2020-02-07;30;18;8;23;7;vendredi;True;False;False;2020
2020-02-08;19;0;11;1;0;samedi;True;False;False;2020
2020-02-09;15;2;6;0;0;dimanche;True;False;False;2020
2020-02-10;15;21;11;18;10;lundi;False;False;False;2020
2020-02-11;20;19;3;20;11;mardi;False;False;False;2020
2020-02-12;21;19;7;20;11;mercredi;False;False;False;2020
2020-02-13;20;18;6;17;13;jeudi;False;False;False;2020
2020-02-14;19;15;7;19;9;vendredi;True;False;False;2020
2020-02-15;14;0;5;0;0;samedi;True;True;False;2020
2020-02-16;14;3;3;0;0;dimanche;True;True;False;2020
2020-02-17;11;10;6;10;7;lundi;False;True;False;2020
2020-02-18;12;8;2;7;5;mardi;False;True;False;2020
2020-02-19;15;20;4;23;13;mercredi;False;True;False;2020
2020-02-20;20;24;4;20;15;jeudi;False;True;False;2020
2020-02-21;16;11;10;16;5;vendredi;True;True;False;2020
2020-02-22;16;0;0;0;0;samedi;True;True;False;2020
2020-02-23;14;3;5;0;0;dimanche;True;True;False;2020
2020-02-24;16;23;8;23;13;lundi;False;True;False;2020
2020-02-25;22;19;4;20;9;mardi;False;True;False;2020
2020-02-26;26;19;7;18;8;mercredi;False;True;False;2020
2020-02-27;22;15;10;16;9;jeudi;False;True;False;2020
2020-02-28;15;8;11;10;4;vendredi;True;True;False;2020
2020-02-29;12;0;3;0;0;samedi;True;True;False;2020
2020-03-01;11;3;4;0;0;dimanche;True;True;False;2020
2020-03-02;15;20;6;19;10;lundi;False;False;False;2020
2020-03-03;24;19;2;19;8;mardi;False;False;False;2020
2020-03-04;24;24;8;25;16;mercredi;False;False;False;2020
2020-03-05;24;17;7;17;10;jeudi;False;False;False;2020
2020-03-06;18;11;11;14;6;vendredi;True;False;False;2020
2020-03-07;13;1;5;1;1;samedi;True;False;False;2020
2020-03-08;12;3;3;1;1;dimanche;True;False;False;2020
2020-03-09;12;21;6;21;15;lundi;False;False;False;2020
2020-03-10;16;14;4;12;6;mardi;False;False;False;2020
2020-03-11;21;18;3;20;10;mercredi;False;False;False;2020
2020-03-12;19;18;7;17;13;jeudi;False;False;False;2020
2020-03-13;16;17;9;18;11;vendredi;True;False;False;2020
2020-03-14;13;0;3;0;0;samedi;True;False;False;2020
2020-03-15;14;2;1;0;0;dimanche;True;False;False;2020
2020-03-16;15;15;7;17;7;lundi;False;False;False;2020
2020-03-17;13;4;3;6;3;mardi;False;False;True;2020
2020-03-18;10;5;6;3;2;mercredi;False;False;True;2020
2020-03-19;7;3;5;4;1;jeudi;False;False;True;2020
2020-03-20;3;0;4;1;0;vendredi;True;False;True;2020
2020-03-21;1;0;2;0;0;samedi;True;False;True;2020
2020-03-22;1;0;0;0;0;dimanche;True;False;True;2020
2020-03-23;2;1;0;0;0;lundi;False;False;True;2020
2020-03-24;3;2;0;3;1;mardi;False;False;True;2020
2020-03-25;2;0;1;0;0;mercredi;False;False;True;2020
2020-03-26;3;1;0;0;0;jeudi;False;False;True;2020
2020-03-27;4;3;1;3;1;vendredi;True;False;True;2020
2020-03-28;2;0;2;0;0;samedi;True;False;True;2020
2020-03-29;2;0;0;0;0;dimanche;True;False;True;2020
2020-03-30;4;3;0;3;1;lundi;False;False;True;2020
2020-03-31;3;1;2;1;0;mardi;False;False;True;2020
2020-04-01;5;2;0;3;0;mercredi;False;False;True;2020
2020-04-02;5;1;1;1;0;jeudi;False;False;True;2020
2020-04-03;3;2;3;2;1;vendredi;True;False;True;2020
2020-04-04;3;2;1;1;1;samedi;True;False;True;2020
2020-04-05;3;0;0;1;0;dimanche;True;False;True;2020
2020-04-06;2;3;2;3;2;lundi;False;False;True;2020
2020-04-07;2;2;1;1;1;mardi;False;False;True;2020
2020-04-08;3;4;0;5;3;mercredi;False;False;True;2020
2020-04-09;4;2;1;1;0;jeudi;False;False;True;2020
2020-04-10;3;2;2;3;1;vendredi;True;False;True;2020
2020-04-11;3;0;0;0;0;samedi;True;True;True;2020
2020-04-12;3;1;0;1;1;dimanche;True;True;True;2020
2020-04-13;2;1;1;1;1;lundi;False;True;True;2020
2020-04-14;4;3;1;0;0;mardi;False;True;True;2020
2020-04-15;6;3;0;6;1;mercredi;False;True;True;2020
2020-04-16;5;2;2;1;1;jeudi;False;True;True;2020
2020-04-17;4;6;2;7;5;vendredi;True;True;True;2020
2020-04-18;3;0;1;0;0;samedi;True;True;True;2020
2020-04-19;2;0;1;0;0;dimanche;True;True;True;2020
2020-04-20;0;3;2;3;3;lundi;False;True;True;2020
2020-04-21;1;1;0;0;0;mardi;False;True;True;2020
2020-04-22;3;6;0;6;4;mercredi;False;True;True;2020
2020-04-23;5;3;0;4;1;jeudi;False;True;True;2020
2020-04-24;7;3;1;2;0;vendredi;True;True;True;2020
2020-04-25;2;0;5;1;0;samedi;True;True;True;2020
2020-04-26;3;1;0;0;0;dimanche;True;True;True;2020
2020-04-27;6;6;2;7;1;lundi;False;False;True;2020
2020-04-28;4;4;3;4;3;mardi;False;False;True;2020
2020-04-29;7;9;2;9;4;mercredi;False;False;True;2020
2020-04-30;8;11;2;11;8;jeudi;False;False;True;2020
2020-05-01;5;0;3;0;0;vendredi;True;True;True;2020
2020-05-02;3;0;2;0;0;samedi;True;False;True;2020
2020-05-03;3;0;0;0;0;dimanche;True;False;True;2020
2020-05-04;7;7;2;7;1;lundi;False;False;True;2020
2020-05-05;5;10;5;10;7;mardi;False;False;True;2020
2020-05-06;10;10;2;10;3;mercredi;False;False;True;2020
2020-05-07;9;9;4;9;6;jeudi;False;False;True;2020
2020-05-08;9;18;6;18;12;vendredi;True;True;True;2020
2020-05-09;5;1;4;1;1;samedi;True;False;True;2020
2020-05-10;4;1;2;0;0;dimanche;True;False;True;2020
2020-05-11;8;9;3;9;2;lundi;False;False;False;2020
2020-05-12;5;8;5;9;6;mardi;False;False;False;2020
2020-05-13;13;11;2;10;1;mercredi;False;False;False;2020
2020-05-14;10;12;7;13;8;jeudi;False;False;False;2020
2020-05-15;10;14;2;14;12;vendredi;True;False;False;2020
2020-05-16;6;1;4;1;1;samedi;True;False;False;2020
2020-05-17;6;1;1;1;0;dimanche;True;False;False;2020
2020-05-18;9;12;6;11;3;lundi;False;False;False;2020
2020-05-19;8;10;6;10;5;mardi;False;False;False;2020
2020-05-20;14;15;2;16;7;mercredi;False;False;False;2020
2020-05-21;14;12;4;12;8;jeudi;False;True;False;2020
2020-05-22;12;12;7;12;7;vendredi;True;True;False;2020
2020-05-23;5;1;7;1;1;samedi;True;False;False;2020
2020-05-24;4;0;1;0;0;dimanche;True;False;False;2020
2020-05-25;8;16;3;16;9;lundi;False;False;False;2020
2020-05-26;7;10;4;10;7;mardi;False;False;False;2020
2020-05-27;11;14;5;14;5;mercredi;False;False;False;2020
2020-05-28;12;14;6;13;7;jeudi;False;False;False;2020
2020-05-29;8;13;6;14;11;vendredi;True;False;False;2020
2020-05-30;3;0;5;0;0;samedi;True;False;False;2020
2020-05-31;3;0;0;0;0;dimanche;True;False;False;2020
2020-06-01;6;12;3;12;6;lundi;False;True;False;2020
2020-06-02;9;18;3;17;12;mardi;False;False;False;2020
2020-06-03;18;19;4;19;6;mercredi;False;False;False;2020
2020-06-04;18;16;6;16;10;jeudi;False;False;False;2020
2020-06-05;21;15;5;15;7;vendredi;True;False;False;2020
2020-06-06;12;0;9;0;0;samedi;True;False;False;2020
2020-06-07;8;0;4;1;0;dimanche;True;False;False;2020
2020-06-08;11;15;7;14;5;lundi;False;False;False;2020
2020-06-09;13;13;5;14;6;mardi;False;False;False;2020
2020-06-10;17;20;5;20;11;mercredi;False;False;False;2020
2020-06-11;18;12;4;12;7;jeudi;False;False;False;2020
2020-06-12;22;19;8;19;7;vendredi;True;False;False;2020
2020-06-13;15;3;7;3;3;samedi;True;False;False;2020
2020-06-14;11;1;5;0;0;dimanche;True;False;False;2020
2020-06-15;9;18;9;18;11;lundi;False;False;False;2020
2020-06-16;11;9;5;9;2;mardi;False;False;False;2020
2020-06-17;17;16;3;16;7;mercredi;False;False;False;2020
2020-06-18;14;15;7;16;11;jeudi;False;False;False;2020
2020-06-19;21;19;2;19;10;vendredi;True;False;False;2020
2020-06-20;12;0;9;0;0;samedi;True;False;False;2020
2020-06-21;10;0;2;0;0;dimanche;True;False;False;2020
2020-06-22;9;10;8;9;3;lundi;False;False;False;2020
2020-06-23;15;17;4;18;7;mardi;False;False;False;2020
2020-06-24;16;14;4;14;9;mercredi;False;False;False;2020
2020-06-25;18;13;4;12;7;jeudi;False;False;False;2020
2020-06-26;20;21;8;22;11;vendredi;True;False;False;2020
2020-06-27;14;0;6;0;0;samedi;True;False;False;2020
2020-06-28;12;1;3;0;0;dimanche;True;False;False;2020
2020-06-29;11;15;6;15;10;lundi;False;False;False;2020
2020-06-30;11;11;6;11;5;mardi;False;False;False;2020
2020-07-01;18;17;4;17;6;mercredi;False;False;False;2020
2020-07-02;14;15;10;15;9;jeudi;False;False;False;2020
2020-07-03;15;11;5;11;5;vendredi;True;False;False;2020
2020-07-04;11;0;4;0;0;samedi;True;True;False;2020
2020-07-05;9;0;2;0;0;dimanche;True;True;False;2020
2020-07-06;10;15;6;14;8;lundi;False;True;False;2020
2020-07-07;10;9;4;11;5;mardi;False;True;False;2020
2020-07-08;17;22;4;21;11;mercredi;False;True;False;2020
2020-07-09;18;15;5;15;9;jeudi;False;True;False;2020
2020-07-10;14;10;10;11;4;vendredi;True;True;False;2020
2020-07-11;12;1;3;0;0;samedi;True;True;False;2020
2020-07-12;9;0;3;0;0;dimanche;True;True;False;2020
2020-07-13;7;5;6;5;1;lundi;False;True;False;2020
2020-07-14;7;9;4;10;5;mardi;False;True;False;2020
2020-07-15;10;14;3;14;8;mercredi;False;True;False;2020
2020-07-16;11;11;4;11;6;jeudi;False;True;False;2020
2020-07-17;14;15;3;15;9;vendredi;True;True;False;2020
2020-07-18;12;0;2;0;0;samedi;True;True;False;2020
2020-07-19;8;0;4;0;0;dimanche;True;True;False;2020
2020-07-20;12;17;6;12;7;lundi;False;True;False;2020
2020-07-21;14;11;2;16;7;mardi;False;True;False;2020
2020-07-22;16;13;5;12;6;mercredi;False;True;False;2020
2020-07-23;14;14;7;15;9;jeudi;False;True;False;2020
2020-07-24;13;11;7;11;5;vendredi;True;True;False;2020
2020-07-25;9;0;4;0;0;samedi;True;True;False;2020
2020-07-26;8;0;1;0;0;dimanche;True;True;False;2020
2020-07-27;5;8;7;7;4;lundi;False;True;False;2020
2020-07-28;9;10;2;11;4;mardi;False;True;False;2020
2020-07-29;17;17;2;16;7;mercredi;False;True;False;2020
2020-07-30;15;12;8;13;6;jeudi;False;True;False;2020
2020-07-31;10;9;9;9;5;vendredi;True;True;False;2020
2020-08-01;9;1;2;0;0;samedi;True;True;False;2020
2020-08-02;6;0;3;0;0;dimanche;True;True;False;2020
2020-08-03;6;10;3;11;7;lundi;False;True;False;2020
2020-08-04;5;6;3;6;4;mardi;False;True;False;2020
2020-08-05;4;6;4;6;3;mercredi;False;True;False;2020
2020-08-06;1;5;3;5;5;jeudi;False;True;False;2020
2020-08-07;4;9;0;9;6;vendredi;True;True;False;2020
2020-08-08;2;0;2;0;0;samedi;True;True;False;2020
2020-08-09;1;0;1;0;0;dimanche;True;True;False;2020
2020-08-10;3;5;1;5;2;lundi;False;True;False;2020
2020-08-11;6;7;1;6;3;mardi;False;True;False;2020
2020-08-12;9;9;2;10;4;mercredi;False;True;False;2020
2020-08-13;5;3;5;3;2;jeudi;False;True;False;2020
2020-08-14;6;5;3;5;1;vendredi;True;True;False;2020
2020-08-15;4;0;2;0;0;samedi;True;True;False;2020
2020-08-16;5;1;0;1;0;dimanche;True;True;False;2020
2020-08-17;4;4;4;3;1;lundi;False;True;False;2020
2020-08-18;6;7;0;7;5;mardi;False;True;False;2020
2020-08-19;7;5;2;5;2;mercredi;False;True;False;2020
2020-08-20;5;0;2;1;0;jeudi;False;True;False;2020
2020-08-21;3;8;4;8;6;vendredi;True;True;False;2020
2020-08-22;1;0;2;0;0;samedi;True;True;False;2020
2020-08-23;1;0;0;0;0;dimanche;True;True;False;2020
2020-08-24;3;9;0;8;7;lundi;False;True;False;2020
2020-08-25;7;9;1;10;4;mardi;False;True;False;2020
2020-08-26;13;15;3;15;6;mercredi;False;True;False;2020
2020-08-27;15;11;4;11;5;jeudi;False;True;False;2020
2020-08-28;18;12;4;12;5;vendredi;True;True;False;2020
2020-08-29;12;0;6;0;0;samedi;True;True;False;2020
2020-08-30;11;2;3;0;0;dimanche;True;True;False;2020
2020-08-31;14;15;7;15;5;lundi;False;True;False;2020
2020-09-01;13;7;5;9;3;mardi;False;False;False;2020
2020-09-02;14;15;5;15;9;mercredi;False;False;False;2020
2020-09-03;12;12;4;12;10;jeudi;False;False;False;2020
2020-09-04;14;14;5;14;7;vendredi;True;False;False;2020
2020-09-05;9;0;5;0;0;samedi;True;False;False;2020
2020-09-06;8;0;1;0;0;dimanche;True;False;False;2020
2020-09-07;11;14;4;12;7;lundi;False;False;False;2020
2020-09-08;8;7;6;9;4;mardi;False;False;False;2020
2020-09-09;13;16;2;16;9;mercredi;False;False;False;2020
2020-09-10;11;12;5;12;9;jeudi;False;False;False;2020
2020-09-11;10;15;5;15;11;vendredi;True;False;False;2020
2020-09-12;5;0;5;0;0;samedi;True;False;False;2020
2020-09-13;4;0;1;0;0;dimanche;True;False;False;2020
2020-09-14;12;18;2;17;8;lundi;False;False;False;2020
2020-09-15;16;17;4;17;9;mardi;False;False;False;2020
2020-09-16;18;18;6;18;10;mercredi;False;False;False;2020
2020-09-17;21;15;5;15;7;jeudi;False;False;False;2020
2020-09-18;17;13;9;14;8;vendredi;True;False;False;2020
2020-09-19;12;1;5;1;1;samedi;True;False;False;2020
2020-09-20;11;1;2;0;0;dimanche;True;False;False;2020
2020-09-21;8;13;7;14;9;lundi;False;False;False;2020
2020-09-22;12;18;6;17;8;mardi;False;False;False;2020
2020-09-23;15;14;4;15;7;mercredi;False;False;False;2020
2020-09-24;15;20;6;20;14;jeudi;False;False;False;2020
2020-09-25;15;14;6;14;8;vendredi;True;False;False;2020
2020-09-26;10;0;5;0;0;samedi;True;False;False;2020
2020-09-27;7;0;3;0;0;dimanche;True;False;False;2020
2020-09-28;16;20;3;20;8;lundi;False;False;False;2020
2020-09-29;18;20;7;20;11;mardi;False;False;False;2020
2020-09-30;19;22;8;22;13;mercredi;False;False;False;2020
2020-10-01;16;16;7;16;12;jeudi;False;False;False;2020
2020-10-02;16;15;8;15;7;vendredi;True;False;False;2020
2020-10-03;12;1;5;0;0;samedi;True;False;False;2020
2020-10-04;9;0;3;1;0;dimanche;True;False;False;2020
2020-10-05;11;17;6;17;9;lundi;False;False;False;2020
2020-10-06;11;21;6;21;15;mardi;False;False;False;2020
2020-10-07;17;17;3;17;8;mercredi;False;False;False;2020
2020-10-08;16;21;8;20;14;jeudi;False;False;False;2020
2020-10-09;15;12;8;13;5;vendredi;True;False;False;2020
2020-10-10;10;0;5;0;0;samedi;True;False;False;2020
2020-10-11;7;0;3;0;0;dimanche;True;False;False;2020
2020-10-12;13;18;4;17;8;lundi;False;False;False;2020
2020-10-13;18;14;3;15;6;mardi;False;False;False;2020
2020-10-14;17;24;9;24;16;mercredi;False;False;False;2020
2020-10-15;18;16;5;16;10;jeudi;False;False;False;2020
2020-10-16;21;22;8;22;11;vendredi;True;False;False;2020
2020-10-17;15;0;6;0;0;samedi;True;True;False;2020
2020-10-18;13;1;3;0;0;dimanche;True;True;False;2020
2020-10-19;12;16;7;17;10;lundi;False;True;False;2020
2020-10-20;15;16;6;16;7;mardi;False;True;False;2020
2020-10-21;16;22;7;22;14;mercredi;False;True;False;2020
2020-10-22;13;15;6;15;12;jeudi;False;True;False;2020
2020-10-23;15;12;7;12;3;vendredi;True;True;False;2020
2020-10-24;11;1;5;0;0;samedi;True;True;False;2020
2020-10-25;8;0;3;0;0;dimanche;True;True;False;2020
2020-10-26;13;19;4;19;10;lundi;False;True;False;2020
2020-10-27;18;18;5;19;8;mardi;False;True;False;2020
2020-10-28;16;17;7;17;12;mercredi;False;True;False;2020
2020-10-29;14;11;5;11;8;jeudi;False;True;False;2020
2020-10-30;16;13;4;13;7;vendredi;True;True;True;2020
2020-10-31;9;0;7;0;0;samedi;True;True;True;2020
2020-11-01;6;0;3;0;0;dimanche;True;True;True;2020
2020-11-02;3;0;3;0;0;lundi;False;False;True;2020
2020-11-03;8;15;2;15;8;mardi;False;False;True;2020
2020-11-04;20;22;2;22;8;mercredi;False;False;True;2020
2020-11-05;22;22;7;22;13;jeudi;False;False;True;2020
2020-11-06;26;17;8;17;5;vendredi;True;False;True;2020
2020-11-07;18;1;9;1;0;samedi;True;False;True;2020
2020-11-08;13;0;5;0;0;dimanche;True;False;True;2020
2020-11-09;15;23;9;23;12;lundi;False;False;True;2020
2020-11-10;16;20;8;20;11;mardi;False;False;True;2020
2020-11-11;19;22;4;22;15;mercredi;False;True;True;2020
2020-11-12;21;21;8;21;11;jeudi;False;False;True;2020
2020-11-13;24;23;10;23;10;vendredi;True;False;True;2020
2020-11-14;14;0;10;0;0;samedi;True;False;True;2020
2020-11-15;15;1;0;1;0;dimanche;True;False;True;2020
2020-11-16;8;22;12;21;17;lundi;False;False;True;2020
2020-11-17;8;16;5;16;11;mardi;False;False;True;2020
2020-11-18;15;17;3;18;7;mercredi;False;False;True;2020
2020-11-19;12;2;5;2;0;jeudi;False;False;True;2020
2020-11-20;14;19;7;19;10;vendredi;True;False;True;2020
2020-11-21;8;0;6;0;0;samedi;True;False;True;2020
2020-11-22;6;0;2;0;0;dimanche;True;False;True;2020
2020-11-23;14;23;3;23;12;lundi;False;False;True;2020
2020-11-24;16;20;7;20;11;mardi;False;False;True;2020
2020-11-25;15;18;7;18;12;mercredi;False;False;True;2020
2020-11-26;16;18;6;18;11;jeudi;False;False;True;2020
2020-11-27;19;17;8;16;6;vendredi;True;False;True;2020
2020-11-28;10;1;9;2;1;samedi;True;False;True;2020
2020-11-29;6;1;5;0;0;dimanche;True;False;True;2020
2020-11-30;6;8;4;8;4;lundi;False;False;True;2020
2020-12-01;10;16;3;15;9;mardi;False;False;True;2020
2020-12-02;10;22;4;23;18;mercredi;False;False;True;2020
2020-12-03;14;20;4;21;12;jeudi;False;False;True;2020
2020-12-04;14;18;6;16;12;vendredi;True;False;True;2020
2020-12-05;8;0;6;2;0;samedi;True;False;True;2020
2020-12-06;7;1;1;1;1;dimanche;True;False;True;2020
2020-12-07;11;19;5;18;10;lundi;False;False;True;2020
2020-12-08;16;22;3;23;14;mardi;False;False;True;2020
2020-12-09;10;19;12;18;13;mercredi;False;False;True;2020
2020-12-10;12;19;6;19;11;jeudi;False;False;True;2020
2020-12-11;16;22;5;22;13;vendredi;True;False;True;2020
2020-12-12;11;2;5;2;2;samedi;True;False;True;2020
2020-12-13;10;0;1;0;0;dimanche;True;False;True;2020
2020-12-14;8;18;7;18;13;lundi;False;False;True;2020
2020-12-15;11;17;4;18;10;mardi;False;False;False;2020
2020-12-16;16;17;3;17;9;mercredi;False;False;False;2020
2020-12-17;14;21;9;21;14;jeudi;False;False;False;2020
2020-12-18;19;25;6;23;14;vendredi;True;False;False;2020
2020-12-19;12;1;8;1;0;samedi;True;True;False;2020
2020-12-20;7;0;5;0;0;dimanche;True;True;False;2020
2020-12-21;7;14;3;16;11;lundi;False;True;False;2020
2020-12-22;11;10;3;10;3;mardi;False;True;False;2020
2020-12-23;16;12;5;12;2;mercredi;False;True;False;2020
2020-12-24;0;0;16;0;0;jeudi;False;True;False;2020
2020-12-25;0;0;0;0;0;vendredi;True;True;False;2020
2020-12-26;1;1;0;0;0;samedi;True;True;False;2020
2020-12-27;1;0;0;1;0;dimanche;True;True;False;2020
2020-12-28;2;8;1;7;6;lundi;False;True;False;2020
2020-12-29;3;2;1;2;0;mardi;False;True;False;2020
2020-12-30;4;3;0;3;2;mercredi;False;True;False;2020
2020-12-31;3;4;2;5;3;jeudi;False;True;False;2020
2021-01-01;3;0;0;0;0;vendredi;True;True;False;2021
2021-01-02;2;0;1;0;0;samedi;True;True;False;2021
2021-01-03;2;0;0;0;0;dimanche;True;True;False;2021
2021-01-04;9;14;1;13;6;lundi;False;False;False;2021
2021-01-05;11;19;5;20;12;mardi;False;False;False;2021
2021-01-06;17;20;4;20;10;mercredi;False;False;False;2021
2021-01-07;19;20;6;20;12;jeudi;False;False;False;2021
2021-01-08;21;20;11;20;7;vendredi;True;False;False;2021
2021-01-09;14;2;9;1;0;samedi;True;False;False;2021
2021-01-10;9;0;5;0;0;dimanche;True;False;False;2021
2021-01-11;12;16;4;17;9;lundi;False;False;False;2021
2021-01-12;20;24;4;23;12;mardi;False;False;False;2021
2021-01-13;16;19;10;20;13;mercredi;False;False;False;2021
2021-01-14;19;19;5;19;11;jeudi;False;False;False;2021
2021-01-15;18;18;9;18;10;vendredi;True;False;False;2021
2021-01-16;14;1;5;0;0;samedi;True;False;False;2021
2021-01-17;8;0;6;0;0;dimanche;True;False;False;2021
2021-01-18;9;20;7;19;12;lundi;False;False;False;2021
2021-01-19;18;24;3;23;12;mardi;False;False;False;2021
2021-01-20;19;15;6;18;8;mercredi;False;False;False;2021
2021-01-21;19;22;6;22;16;jeudi;False;False;False;2021
2021-01-22;22;20;9;20;8;vendredi;True;False;False;2021
2021-01-23;18;1;5;0;0;samedi;True;False;False;2021
2021-01-24;14;0;4;0;0;dimanche;True;False;False;2021
2021-01-25;14;16;9;17;7;lundi;False;False;False;2021
2021-01-26;17;13;5;13;5;mardi;False;False;False;2021
2021-01-27;19;17;7;17;8;mercredi;False;False;False;2021
2021-01-28;19;23;10;22;13;jeudi;False;False;False;2021
2021-01-29;15;15;10;15;9;vendredi;True;False;False;2021
2021-01-30;15;1;1;1;0;samedi;True;False;False;2021
2021-01-31;13;0;2;0;0;dimanche;True;False;False;2021
2021-02-01;11;17;10;18;9;lundi;False;False;False;2021
2021-02-02;15;16;2;15;10;mardi;False;False;False;2021
2021-02-03;16;22;6;23;15;mercredi;False;False;False;2021
2021-02-04;11;16;11;16;10;jeudi;False;False;False;2021
2021-02-05;11;13;6;13;7;vendredi;True;False;False;2021
2021-02-06;7;0;4;0;0;samedi;True;False;False;2021
2021-02-07;6;0;1;0;0;dimanche;True;False;False;2021
2021-02-08;6;15;6;14;9;lundi;False;False;False;2021
2021-02-09;10;20;2;19;14;mardi;False;False;False;2021
2021-02-10;13;21;2;23;16;mercredi;False;False;False;2021
2021-02-11;16;21;4;19;14;jeudi;False;False;False;2021
2021-02-12;18;21;6;23;13;vendredi;True;False;False;2021
2021-02-13;12;0;6;0;0;samedi;True;False;False;2021
2021-02-14;11;2;2;1;1;dimanche;True;False;False;2021
2021-02-15;12;18;6;18;11;lundi;False;False;False;2021
2021-02-16;17;19;5;19;9;mardi;False;False;False;2021
2021-02-17;16;17;8;18;10;mercredi;False;False;False;2021
2021-02-18;13;20;10;20;13;jeudi;False;False;False;2021
2021-02-19;13;19;6;19;13;vendredi;True;False;False;2021
2021-02-20;10;0;3;0;0;samedi;True;True;False;2021
2021-02-21;8;0;2;0;0;dimanche;True;True;False;2021
2021-02-22;9;14;5;13;8;lundi;False;True;False;2021
2021-02-23;13;12;4;11;4;mardi;False;True;False;2021
2021-02-24;12;13;6;15;8;mercredi;False;True;False;2021
2021-02-25;8;13;6;13;11;jeudi;False;True;False;2021
2021-02-26;13;19;5;19;9;vendredi;True;True;False;2021
2021-02-27;7;1;7;0;0;samedi;True;True;False;2021
2021-02-28;7;1;1;0;0;dimanche;True;True;False;2021
2021-03-01;9;14;4;15;8;lundi;False;True;False;2021
2021-03-02;13;14;1;13;9;mardi;False;True;False;2021
2021-03-03;11;17;5;19;14;mercredi;False;True;False;2021
2021-03-04;12;10;3;10;6;jeudi;False;True;False;2021
2021-03-05;8;4;5;4;3;vendredi;True;True;False;2021
2021-03-06;3;1;5;1;1;samedi;True;True;False;2021
2021-03-07;2;0;1;0;0;dimanche;True;True;False;2021
2021-03-08;10;12;0;12;4;lundi;False;False;False;2021
2021-03-09;13;20;8;20;9;mardi;False;False;False;2021
2021-03-10;16;21;7;21;11;mercredi;False;False;False;2021
2021-03-11;12;13;7;13;10;jeudi;False;False;False;2021
2021-03-12;19;17;4;17;6;vendredi;True;False;False;2021
2021-03-13;13;2;8;1;0;samedi;True;False;False;2021
2021-03-14;8;0;5;0;0;dimanche;True;False;False;2021
2021-03-15;9;15;7;15;7;lundi;False;False;False;2021
2021-03-16;10;16;4;16;11;mardi;False;False;False;2021
2021-03-17;18;21;5;22;8;mercredi;False;False;False;2021
2021-03-18;14;13;8;13;9;jeudi;False;False;False;2021
2021-03-19;17;19;5;19;11;vendredi;True;False;False;2021
2021-03-20;11;1;7;0;0;samedi;True;False;False;2021
2021-03-21;12;2;1;0;0;dimanche;True;False;False;2021
2021-03-22;10;10;7;13;5;lundi;False;False;False;2021
2021-03-23;14;12;4;10;4;mardi;False;False;False;2021
2021-03-24;18;18;6;18;8;mercredi;False;False;False;2021
2021-03-25;20;19;6;20;11;jeudi;False;False;False;2021
2021-03-26;16;16;12;17;8;vendredi;True;False;False;2021
2021-03-27;10;0;6;0;0;samedi;True;False;False;2021
2021-03-28;12;3;0;1;1;dimanche;True;False;False;2021
2021-03-29;9;13;7;14;9;lundi;False;False;False;2021
2021-03-30;12;16;3;16;10;mardi;False;False;False;2021
2021-03-31;17;21;6;22;10;mercredi;False;False;False;2021
2021-04-01;15;19;7;19;14;jeudi;False;False;False;2021
2021-04-02;14;19;9;19;11;vendredi;True;False;False;2021
2021-04-03;6;0;8;0;0;samedi;True;False;True;2021
2021-04-04;6;0;0;0;0;dimanche;True;False;True;2021
2021-04-05;4;0;2;0;0;lundi;False;True;True;2021
2021-04-06;7;17;2;17;12;mardi;False;False;True;2021
2021-04-07;9;20;5;20;13;mercredi;False;False;True;2021
2021-04-08;11;18;6;17;10;jeudi;False;False;True;2021
2021-04-09;17;18;2;19;10;vendredi;True;False;True;2021
2021-04-10;13;1;5;1;0;samedi;True;True;True;2021
2021-04-11;8;0;5;0;0;dimanche;True;True;True;2021
2021-04-12;9;17;7;17;9;lundi;False;True;True;2021
2021-04-13;10;20;2;18;17;mardi;False;True;True;2021
2021-04-14;8;17;6;19;13;mercredi;False;True;True;2021
2021-04-15;13;18;3;18;10;jeudi;False;True;True;2021
2021-04-16;12;15;6;15;10;vendredi;True;True;True;2021
2021-04-17;7;0;5;0;0;samedi;True;True;True;2021
2021-04-18;7;1;1;0;0;dimanche;True;True;True;2021
2021-04-19;7;12;5;12;7;lundi;False;True;True;2021
2021-04-20;11;16;4;17;8;mardi;False;True;True;2021
2021-04-21;17;22;3;22;13;mercredi;False;True;True;2021
2021-04-22;13;19;9;19;14;jeudi;False;True;True;2021
2021-04-23;11;10;9;10;3;vendredi;True;True;True;2021
2021-04-24;6;0;5;0;0;samedi;True;True;True;2021
2021-04-25;5;0;1;0;0;dimanche;True;True;True;2021
2021-04-26;5;10;4;10;6;lundi;False;False;True;2021
2021-04-27;9;18;1;18;13;mardi;False;False;True;2021
2021-04-28;15;21;5;21;10;mercredi;False;False;True;2021
2021-04-29;7;11;9;10;10;jeudi;False;False;True;2021
2021-04-30;15;21;2;22;11;vendredi;True;False;True;2021
2021-05-01;9;1;7;1;0;samedi;True;True;True;2021
2021-05-02;5;0;4;0;0;dimanche;True;False;True;2021
2021-05-03;3;8;5;8;5;lundi;False;False;False;2021
2021-05-04;5;13;3;12;8;mardi;False;False;False;2021
2021-05-05;6;13;2;13;10;mercredi;False;False;False;2021
2021-05-06;8;12;2;13;8;jeudi;False;False;False;2021
2021-05-07;10;8;2;8;4;vendredi;True;False;False;2021
2021-05-08;5;0;5;0;0;samedi;True;True;False;2021
2021-05-09;3;0;2;0;0;dimanche;True;False;False;2021
2021-05-10;8;19;2;19;12;lundi;False;False;False;2021
2021-05-11;11;16;4;15;9;mardi;False;False;False;2021
2021-05-12;13;23;7;23;14;mercredi;False;False;False;2021
2021-05-13;13;19;6;20;13;jeudi;False;True;False;2021
2021-05-14;17;20;5;20;11;vendredi;True;True;False;2021
2021-05-15;14;1;4;1;0;samedi;True;False;False;2021
2021-05-16;11;0;3;0;0;dimanche;True;False;False;2021
2021-05-17;9;13;7;13;8;lundi;False;False;False;2021
2021-05-18;7;12;5;11;9;mardi;False;False;False;2021
2021-05-19;5;12;5;13;9;mercredi;False;False;False;2021
2021-05-20;3;0;2;0;0;jeudi;False;False;False;2021
2021-05-21;2;0;1;0;0;vendredi;True;False;False;2021
2021-05-22;1;0;1;0;0;samedi;True;False;False;2021
2021-05-23;0;0;1;0;0;dimanche;True;False;False;2021
2021-05-24;9;15;0;14;6;lundi;False;True;False;2021
2021-05-25;9;11;2;12;9;mardi;False;False;False;2021
2021-05-26;19;22;3;22;9;mercredi;False;False;False;2021
2021-05-27;22;20;6;20;11;jeudi;False;False;False;2021
2021-05-28;15;12;13;12;6;vendredi;True;False;False;2021
2021-05-29;11;0;4;0;0;samedi;True;False;False;2021
2021-05-30;7;1;5;1;0;dimanche;True;False;False;2021
2021-05-31;4;15;7;15;11;lundi;False;False;False;2021
2021-06-01;4;14;3;14;11;mardi;False;False;False;2021
2021-06-02;10;17;1;17;10;mercredi;False;False;False;2021
2021-06-03;17;19;2;17;10;jeudi;False;False;False;2021
2021-06-04;21;19;6;21;9;vendredi;True;False;False;2021
2021-06-05;10;0;11;0;0;samedi;True;False;False;2021
2021-06-06;7;0;3;0;0;dimanche;True;False;False;2021
2021-06-07;11;15;5;13;6;lundi;False;False;False;2021
2021-06-08;14;11;2;12;6;mardi;False;False;False;2021
2021-06-09;10;11;9;12;6;mercredi;False;False;False;2021
2021-06-10;11;10;2;10;7;jeudi;False;False;False;2021
2021-06-11;12;19;5;19;13;vendredi;True;False;False;2021
2021-06-12;6;0;6;0;0;samedi;True;False;False;2021
2021-06-13;5;2;3;0;0;dimanche;True;False;False;2021
2021-06-14;13;17;3;17;6;lundi;False;False;False;2021
2021-06-15;16;12;3;14;6;mardi;False;False;False;2021
2021-06-16;20;19;8;18;7;mercredi;False;False;False;2021
2021-06-17;16;13;9;13;8;jeudi;False;False;False;2021
2021-06-18;11;10;8;11;7;vendredi;True;False;False;2021
2021-06-19;8;0;3;0;0;samedi;True;False;False;2021
2021-06-20;7;1;2;0;0;dimanche;True;False;False;2021
2021-06-21;10;13;5;14;5;lundi;False;False;False;2021
2021-06-22;10;13;5;13;8;mardi;False;False;False;2021
2021-06-23;15;15;2;15;8;mercredi;False;False;False;2021
2021-06-24;15;14;8;12;6;jeudi;False;False;False;2021
2021-06-25;11;16;5;18;15;vendredi;True;False;False;2021
2021-06-26;6;1;5;1;1;samedi;True;False;False;2021
2021-06-27;6;1;1;0;0;dimanche;True;False;False;2021
2021-06-28;6;11;5;11;6;lundi;False;False;False;2021
2021-06-29;10;11;2;11;5;mardi;False;False;False;2021
2021-06-30;9;10;4;10;7;mercredi;False;False;False;2021
2021-07-01;8;8;3;9;6;jeudi;False;False;False;2021
2021-07-02;6;10;5;10;7;vendredi;True;False;False;2021
2021-07-03;5;0;1;0;0;samedi;True;False;False;2021
2021-07-04;3;1;3;0;0;dimanche;True;False;False;2021
2021-07-05;11;17;1;17;8;lundi;False;False;False;2021
2021-07-06;14;13;4;14;6;mardi;False;True;False;2021
2021-07-07;16;16;6;16;8;mercredi;False;True;False;2021
2021-07-08;14;10;5;10;7;jeudi;False;True;False;2021
2021-07-09;13;9;6;9;4;vendredi;True;True;False;2021
2021-07-10;3;1;10;1;1;samedi;True;True;False;2021
2021-07-11;3;0;0;0;0;dimanche;True;True;False;2021
2021-07-12;5;4;2;4;0;lundi;False;True;False;2021
2021-07-13;6;4;2;3;1;mardi;False;True;False;2021
2021-07-14;6;5;2;5;3;mercredi;False;True;False;2021
2021-07-15;7;10;3;11;6;jeudi;False;True;False;2021
2021-07-16;7;7;4;7;3;vendredi;True;True;False;2021
2021-07-17;7;0;0;0;0;samedi;True;True;False;2021
2021-07-18;4;0;3;0;0;dimanche;True;True;False;2021
2021-07-19;7;11;3;11;5;lundi;False;True;False;2021
2021-07-20;7;6;3;6;3;mardi;False;True;False;2021
2021-07-21;10;12;4;12;5;mercredi;False;True;False;2021
2021-07-22;10;8;5;8;3;jeudi;False;True;False;2021
2021-07-23;9;10;4;10;7;vendredi;True;True;False;2021
2021-07-24;4;0;5;0;0;samedi;True;True;False;2021
2021-07-25;3;0;1;0;0;dimanche;True;True;False;2021
2021-07-26;1;4;3;4;3;lundi;False;True;False;2021
2021-07-27;2;6;1;6;4;mardi;False;True;False;2021
2021-07-28;7;8;1;8;2;mercredi;False;True;False;2021
2021-07-29;4;1;4;0;0;jeudi;False;True;False;2021
2021-07-30;8;12;0;12;8;vendredi;True;True;False;2021
2021-07-31;3;0;5;0;0;samedi;True;True;False;2021
2021-08-01;3;1;1;0;0;dimanche;True;True;False;2021
2021-08-02;6;9;1;9;5;lundi;False;True;False;2021
2021-08-03;6;3;2;5;1;mardi;False;True;False;2021
2021-08-04;7;4;1;4;2;mercredi;False;True;False;2021
2021-08-05;4;0;3;0;0;jeudi;False;True;False;2021
2021-08-06;2;0;2;0;0;vendredi;True;True;False;2021
2021-08-07;0;0;2;0;0;samedi;True;True;False;2021
2021-08-08;0;0;0;0;0;dimanche;True;True;False;2021
2021-08-09;4;11;0;9;7;lundi;False;True;False;2021
2021-08-10;4;3;1;5;2;mardi;False;True;False;2021
2021-08-11;10;13;0;13;7;mercredi;False;True;False;2021
2021-08-12;8;10;4;10;8;jeudi;False;True;False;2021
2021-08-13;10;9;3;9;4;vendredi;True;True;False;2021
2021-08-14;10;1;1;0;0;samedi;True;True;False;2021
2021-08-15;8;0;2;0;0;dimanche;True;True;False;2021
2021-08-16;5;0;3;0;0;lundi;False;True;False;2021
2021-08-17;14;15;1;16;5;mardi;False;True;False;2021
2021-08-18;11;8;9;8;2;mercredi;False;True;False;2021
2021-08-19;10;5;5;4;1;jeudi;False;True;False;2021
2021-08-20;14;14;3;15;7;vendredi;True;True;False;2021
2021-08-21;8;0;6;0;0;samedi;True;True;False;2021
2021-08-22;5;1;4;0;0;dimanche;True;True;False;2021
2021-08-23;5;9;3;9;6;lundi;False;True;False;2021
2021-08-24;4;7;4;6;4;mardi;False;True;False;2021
2021-08-25;9;10;1;10;4;mercredi;False;True;False;2021
2021-08-26;12;12;2;14;7;jeudi;False;True;False;2021
2021-08-27;8;0;4;0;0;vendredi;True;True;False;2021
2021-08-28;6;0;2;0;0;samedi;True;True;False;2021
2021-08-29;4;1;3;0;0;dimanche;True;True;False;2021
2021-08-30;6;4;2;5;0;lundi;False;True;False;2021
2021-08-31;6;5;3;5;2;mardi;False;True;False;2021
2021-09-01;8;9;2;9;5;mercredi;False;True;False;2021
2021-09-02;14;16;2;15;8;jeudi;False;False;False;2021
2021-09-03;13;17;4;18;14;vendredi;True;False;False;2021
2021-09-04;9;0;4;0;0;samedi;True;False;False;2021
2021-09-05;9;0;0;0;0;dimanche;True;False;False;2021
2021-09-06;10;17;8;16;8;lundi;False;False;False;2021
2021-09-07;18;11;1;10;2;mardi;False;False;False;2021
2021-09-08;16;19;6;21;15;mercredi;False;False;False;2021
2021-09-09;16;16;7;16;9;jeudi;False;False;False;2021
2021-09-10;16;13;5;13;8;vendredi;True;False;False;2021
2021-09-11;14;0;2;0;0;samedi;True;False;False;2021
2021-09-12;10;1;5;0;0;dimanche;True;False;False;2021
2021-09-13;11;11;4;12;6;lundi;False;False;False;2021
2021-09-14;11;12;6;12;6;mardi;False;False;False;2021
2021-09-15;14;17;4;16;10;mercredi;False;False;False;2021
2021-09-16;15;18;6;18;11;jeudi;False;False;False;2021
2021-09-17;14;17;8;18;10;vendredi;True;False;False;2021
2021-09-18;8;0;6;0;0;samedi;True;False;False;2021
2021-09-19;4;1;4;1;1;dimanche;True;False;False;2021
2021-09-20;6;8;2;8;4;lundi;False;False;False;2021
2021-09-21;11;11;2;11;4;mardi;False;False;False;2021
2021-09-22;17;20;4;19;10;mercredi;False;False;False;2021
2021-09-23;16;16;7;17;10;jeudi;False;False;False;2021
2021-09-24;16;22;8;22;14;vendredi;True;False;False;2021
2021-09-25;8;0;8;0;0;samedi;True;False;False;2021
2021-09-26;6;0;2;0;0;dimanche;True;False;False;2021
2021-09-27;13;15;4;14;4;lundi;False;False;False;2021
2021-09-28;17;16;4;16;8;mardi;False;False;False;2021
2021-09-29;19;18;8;18;8;mercredi;False;False;False;2021
2021-09-30;20;15;7;15;7;jeudi;False;False;False;2021
2021-10-01;14;24;13;25;17;vendredi;True;False;False;2021
2021-10-02;9;0;5;0;0;samedi;True;False;False;2021
2021-10-03;7;3;5;0;0;dimanche;True;False;False;2021
2021-10-04;10;14;4;17;7;lundi;False;False;False;2021
2021-10-05;17;22;4;21;11;mardi;False;False;False;2021
2021-10-06;20;17;6;18;8;mercredi;False;False;False;2021
2021-10-07;23;22;7;20;12;jeudi;False;False;False;2021
2021-10-08;20;21;10;23;14;vendredi;True;False;False;2021
2021-10-09;10;0;10;0;0;samedi;True;False;False;2021
2021-10-10;11;2;1;0;0;dimanche;True;False;False;2021
2021-10-11;16;19;5;20;9;lundi;False;False;False;2021
2021-10-12;17;20;7;20;12;mardi;False;False;False;2021
2021-10-13;19;15;8;15;5;mercredi;False;False;False;2021
2021-10-14;25;19;5;19;8;jeudi;False;False;False;2021
2021-10-15;20;21;12;22;14;vendredi;True;False;False;2021
2021-10-16;12;1;8;1;1;samedi;True;False;False;2021
2021-10-17;11;2;3;0;0;dimanche;True;False;False;2021
2021-10-18;11;10;5;11;5;lundi;False;False;False;2021
2021-10-19;11;13;4;14;9;mardi;False;False;False;2021
2021-10-20;17;16;4;15;6;mercredi;False;False;False;2021
2021-10-21;20;18;5;19;10;jeudi;False;False;False;2021
2021-10-22;12;17;14;17;11;vendredi;True;False;False;2021
2021-10-23;7;0;5;0;0;samedi;True;True;False;2021
2021-10-24;6;0;1;0;0;dimanche;True;True;False;2021
2021-10-25;12;16;2;15;8;lundi;False;True;False;2021
2021-10-26;14;20;6;21;12;mardi;False;True;False;2021
2021-10-27;17;19;8;18;8;mercredi;False;True;False;2021
2021-10-28;18;14;3;14;10;jeudi;False;True;False;2021
2021-10-29;19;24;6;25;17;vendredi;True;True;False;2021
2021-10-30;9;1;11;1;0;samedi;True;True;False;2021
2021-10-31;6;0;3;0;0;dimanche;True;True;False;2021
2021-11-01;7;3;1;1;1;lundi;False;True;False;2021
2021-11-02;10;15;5;17;7;mardi;False;True;False;2021
2021-11-03;8;13;6;13;9;mercredi;False;True;False;2021
2021-11-04;10;12;3;12;7;jeudi;False;True;False;2021
2021-11-05;12;14;4;13;8;vendredi;True;True;False;2021
2021-11-06;8;0;4;0;0;samedi;True;True;False;2021
2021-11-07;9;1;0;0;0;dimanche;True;True;False;2021
2021-11-08;16;20;6;21;7;lundi;False;False;False;2021
2021-11-09;19;16;7;16;6;mardi;False;False;False;2021
2021-11-10;16;20;13;21;10;mercredi;False;False;False;2021
2021-11-11;18;19;4;19;13;jeudi;False;True;False;2021
2021-11-12;21;17;6;17;8;vendredi;True;True;False;2021
2021-11-13;11;2;11;2;1;samedi;True;False;False;2021
2021-11-14;10;0;1;0;0;dimanche;True;False;False;2021
2021-11-15;9;13;8;12;6;lundi;False;False;False;2021
2021-11-16;13;20;4;19;12;mardi;False;False;False;2021
2021-11-17;15;19;7;20;10;mercredi;False;False;False;2021
2021-11-18;18;20;8;20;9;jeudi;False;False;False;2021
2021-11-19;11;1;7;1;1;vendredi;True;False;False;2021
2021-11-20;6;0;5;0;0;samedi;True;False;False;2021
2021-11-21;7;2;1;0;0;dimanche;True;False;False;2021
2021-11-22;10;15;4;18;8;lundi;False;False;False;2021
2021-11-23;15;21;4;20;12;mardi;False;False;False;2021
2021-11-24;19;16;6;16;6;mercredi;False;False;False;2021
2021-11-25;20;21;8;20;12;jeudi;False;False;False;2021
2021-11-26;20;24;10;26;14;vendredi;True;False;False;2021
2021-11-27;8;0;12;0;0;samedi;True;False;False;2021
2021-11-28;8;2;2;0;0;dimanche;True;False;False;2021
2021-11-29;9;13;3;14;9;lundi;False;False;False;2021
2021-11-30;13;21;3;19;14;mardi;False;False;False;2021
2021-12-01;15;15;4;17;9;mercredi;False;False;False;2021
2021-12-02;21;22;3;21;13;jeudi;False;False;False;2021
2021-12-03;17;18;9;20;13;vendredi;True;False;False;2021
2021-12-04;9;0;8;0;0;samedi;True;False;False;2021
2021-12-05;10;3;2;0;0;dimanche;True;False;False;2021
2021-12-06;16;20;3;21;11;lundi;False;False;False;2021
2021-12-07;17;20;6;20;13;mardi;False;False;False;2021
2021-12-08;19;20;6;22;12;mercredi;False;False;False;2021
2021-12-09;22;17;7;15;7;jeudi;False;False;False;2021
2021-12-10;23;21;7;23;13;vendredi;True;False;False;2021
2021-12-11;12;0;11;0;0;samedi;True;False;False;2021
2021-12-12;11;1;2;0;0;dimanche;True;False;False;2021
2021-12-13;10;15;6;15;10;lundi;False;False;False;2021
2021-12-14;13;18;6;16;9;mardi;False;False;False;2021
2021-12-15;14;12;3;14;8;mercredi;False;False;False;2021
2021-12-16;14;10;3;11;7;jeudi;False;False;False;2021
2021-12-17;13;8;3;8;6;vendredi;True;False;False;2021
2021-12-18;7;0;6;0;0;samedi;True;True;False;2021
2021-12-19;9;2;0;0;0;dimanche;True;True;False;2021
2021-12-20;6;11;6;13;8;lundi;False;True;False;2021
2021-12-21;7;9;2;9;6;mardi;False;True;False;2021
2021-12-22;11;20;4;20;12;mercredi;False;True;False;2021
2021-12-23;2;0;9;0;0;jeudi;False;True;False;2021
2021-12-24;2;3;2;3;1;vendredi;True;True;False;2021
2021-12-25;2;0;0;0;0;samedi;True;True;False;2021
2021-12-26;0;0;2;0;0;dimanche;True;True;False;2021
2021-12-27;4;5;0;4;1;lundi;False;True;False;2021
2021-12-28;5;6;1;7;4;mardi;False;True;False;2021
2021-12-29;4;0;1;0;0;mercredi;False;True;False;2021
2021-12-30;4;1;1;0;0;jeudi;False;True;False;2021
2021-12-31;2;4;4;4;2;vendredi;True;True;False;2021
2022-01-01;2;0;0;0;0;samedi;True;True;False;2022
2022-01-02;3;1;0;0;0;dimanche;True;True;False;2022
2022-01-03;10;9;1;9;1;lundi;False;False;False;2022
2022-01-04;16;16;4;16;6;mardi;False;False;False;2022
2022-01-05;19;18;8;18;7;mercredi;False;False;False;2022
2022-01-06;21;18;5;17;11;jeudi;False;False;False;2022
2022-01-07;20;20;8;23;13;vendredi;True;False;False;2022
2022-01-08;11;0;9;0;0;samedi;True;False;False;2022
2022-01-09;10;3;3;1;1;dimanche;True;False;False;2022
2022-01-10;12;10;4;10;4;lundi;False;False;False;2022
2022-01-11;12;18;5;19;13;mardi;False;False;False;2022
2022-01-12;15;12;3;13;6;mercredi;False;False;False;2022
2022-01-13;22;19;3;19;9;jeudi;False;False;False;2022
2022-01-14;21;23;13;22;11;vendredi;True;False;False;2022
2022-01-15;13;0;8;0;0;samedi;True;False;False;2022
2022-01-16;13;2;2;0;0;dimanche;True;False;False;2022
2022-01-17;18;19;7;20;7;lundi;False;False;False;2022
2022-01-18;15;12;7;14;8;mardi;False;False;False;2022
2022-01-19;19;20;7;19;9;mercredi;False;False;False;2022
2022-01-20;19;18;7;18;11;jeudi;False;False;False;2022
2022-01-21;17;24;11;25;15;vendredi;True;False;False;2022
2022-01-22;10;0;7;0;0;samedi;True;False;False;2022
2022-01-23;9;2;3;0;0;dimanche;True;False;False;2022
2022-01-24;10;12;6;13;5;lundi;False;False;False;2022
2022-01-25;17;15;2;15;6;mardi;False;False;False;2022
2022-01-26;22;15;3;15;7;mercredi;False;False;False;2022
2022-01-27;22;21;10;20;11;jeudi;False;False;False;2022
2022-01-28;24;15;8;16;5;vendredi;True;False;False;2022
2022-01-29;18;0;6;0;0;samedi;True;False;False;2022
2022-01-30;16;3;5;0;0;dimanche;True;False;False;2022
2022-01-31;14;13;8;17;7;lundi;False;False;False;2022
2022-02-01;16;16;5;15;9;mardi;False;False;False;2022
2022-02-02;20;15;6;15;5;mercredi;False;False;False;2022
2022-02-03;13;14;11;14;10;jeudi;False;False;False;2022
2022-02-04;12;17;8;18;10;vendredi;True;False;False;2022
2022-02-05;7;0;5;0;0;samedi;True;False;False;2022
2022-02-06;6;1;2;0;0;dimanche;True;False;False;2022
2022-02-07;4;9;4;10;7;lundi;False;False;False;2022
2022-02-08;8;12;1;12;7;mardi;False;False;False;2022
2022-02-09;12;18;4;18;10;mercredi;False;False;False;2022
2022-02-10;10;12;5;11;9;jeudi;False;False;False;2022
2022-02-11;10;20;6;21;14;vendredi;True;False;False;2022
2022-02-12;8;0;2;0;0;samedi;True;True;False;2022
2022-02-13;5;1;4;0;0;dimanche;True;True;False;2022
2022-02-14;12;12;2;12;3;lundi;False;True;False;2022
2022-02-15;13;16;7;15;8;mardi;False;True;False;2022
2022-02-16;14;5;3;6;1;mercredi;False;True;False;2022
2022-02-17;18;15;2;16;9;jeudi;False;True;False;2022
2022-02-18;10;14;12;14;10;vendredi;True;True;False;2022
2022-02-19;6;0;4;0;0;samedi;True;True;False;2022
2022-02-20;4;0;2;0;0;dimanche;True;True;False;2022
2022-02-21;15;17;3;16;3;lundi;False;True;False;2022
2022-02-22;15;13;7;14;6;mardi;False;True;False;2022
2022-02-23;20;19;6;17;8;mercredi;False;True;False;2022
2022-02-24;19;17;6;19;12;jeudi;False;True;False;2022
2022-02-25;18;21;8;21;14;vendredi;True;True;False;2022
2022-02-26;14;0;4;0;0;samedi;True;True;False;2022
2022-02-27;10;0;4;0;0;dimanche;True;True;False;2022
2022-02-28;21;20;4;19;5;lundi;False;False;False;2022
2022-03-01;20;21;9;20;13;mardi;False;False;False;2022
2022-03-02;21;23;8;24;14;mercredi;False;False;False;2022
2022-03-03;22;20;8;20;11;jeudi;False;False;False;2022
2022-03-04;23;22;9;23;12;vendredi;True;False;False;2022
2022-03-05;14;0;9;0;0;samedi;True;False;False;2022
2022-03-06;12;2;4;0;0;dimanche;True;False;False;2022
2022-03-07;13;16;9;18;6;lundi;False;False;False;2022
2022-03-08;15;22;9;22;11;mardi;False;False;False;2022
2022-03-09;16;17;8;17;8;mercredi;False;False;False;2022
2022-03-10;13;16;9;15;10;jeudi;False;False;False;2022
2022-03-11;15;19;7;19;10;vendredi;True;False;False;2022
2022-03-12;12;0;3;0;0;samedi;True;False;False;2022
2022-03-13;6;1;7;0;0;dimanche;True;False;False;2022
2022-03-14;16;22;2;22;10;lundi;False;False;False;2022
2022-03-15;20;24;4;25;16;mardi;False;False;False;2022
2022-03-16;10;16;13;17;13;mercredi;False;False;False;2022
2022-03-17;15;16;3;16;8;jeudi;False;False;False;2022
2022-03-18;18;17;6;15;8;vendredi;True;False;False;2022
2022-03-19;8;0;10;0;0;samedi;True;False;False;2022
2022-03-20;10;3;1;0;0;dimanche;True;False;False;2022
2022-03-21;17;13;2;16;4;lundi;False;False;False;2022
2022-03-22;16;12;7;13;6;mardi;False;False;False;2022
2022-03-23;17;14;5;14;8;mercredi;False;False;False;2022
2022-03-24;15;16;7;17;11;jeudi;False;False;False;2022
2022-03-25;16;18;6;18;11;vendredi;True;False;False;2022
2022-03-26;13;0;3;0;0;samedi;True;False;False;2022
2022-03-27;11;3;4;1;1;dimanche;True;False;False;2022
2022-03-28;15;17;8;17;5;lundi;False;False;False;2022
2022-03-29;15;20;5;22;15;mardi;False;False;False;2022
2022-03-30;18;12;4;12;5;mercredi;False;False;False;2022
2022-03-31;20;18;6;17;10;jeudi;False;False;False;2022
2022-04-01;18;17;8;18;11;vendredi;True;False;False;2022
2022-04-02;9;1;10;1;0;samedi;True;False;False;2022
2022-04-03;8;1;2;0;0;dimanche;True;False;False;2022
2022-04-04;9;12;6;10;5;lundi;False;False;False;2022
2022-04-05;12;15;3;18;9;mardi;False;False;False;2022
2022-04-06;16;20;4;19;12;mercredi;False;False;False;2022
2022-04-07;16;17;5;18;12;jeudi;False;False;False;2022
2022-04-08;14;15;7;15;10;vendredi;True;False;False;2022
2022-04-09;11;0;3;0;0;samedi;True;False;False;2022
2022-04-10;7;0;4;0;0;dimanche;True;False;False;2022
2022-04-11;12;17;6;17;6;lundi;False;False;False;2022
2022-04-12;12;16;6;16;10;mardi;False;False;False;2022
2022-04-13;15;19;4;19;12;mercredi;False;False;False;2022
2022-04-14;12;11;5;10;9;jeudi;False;False;False;2022
2022-04-15;10;15;7;16;10;vendredi;True;False;False;2022
2022-04-16;6;1;4;1;1;samedi;True;True;False;2022
2022-04-17;7;1;0;0;0;dimanche;True;True;False;2022
2022-04-18;5;0;2;1;0;lundi;False;True;False;2022
2022-04-19;12;20;3;20;10;mardi;False;True;False;2022
2022-04-20;15;22;10;22;9;mercredi;False;True;False;2022
2022-04-21;12;9;7;9;5;jeudi;False;True;False;2022
2022-04-22;12;23;8;23;15;vendredi;True;True;False;2022
2022-04-23;4;0;8;0;0;samedi;True;True;False;2022
2022-04-24;1;0;3;0;0;dimanche;True;True;False;2022
2022-04-25;7;11;1;11;4;lundi;False;True;False;2022
2022-04-26;12;19;3;18;11;mardi;False;True;False;2022
2022-04-27;16;17;5;17;8;mercredi;False;True;False;2022
2022-04-28;17;15;5;16;9;jeudi;False;True;False;2022
2022-04-29;10;20;13;20;14;vendredi;True;True;False;2022
2022-04-30;3;0;7;0;0;samedi;True;True;False;2022
2022-05-01;3;0;0;0;0;dimanche;True;True;False;2022
2022-05-02;2;0;1;0;0;lundi;False;False;False;2022
2022-05-03;6;18;2;17;12;mardi;False;False;False;2022
2022-05-04;12;17;2;18;9;mercredi;False;False;False;2022
2022-05-05;10;14;5;13;11;jeudi;False;False;False;2022
2022-05-06;13;7;1;8;3;vendredi;True;False;False;2022
2022-05-07;12;1;2;0;0;samedi;True;False;False;2022
2022-05-08;9;1;4;0;0;dimanche;True;True;False;2022
2022-05-09;14;18;5;20;8;lundi;False;False;False;2022
2022-05-10;14;20;6;20;14;mardi;False;False;False;2022
2022-05-11;14;18;8;18;10;mercredi;False;False;False;2022
2022-05-12;10;16;8;16;12;jeudi;False;False;False;2022
2022-05-13;5;0;5;0;0;vendredi;True;False;False;2022
2022-05-14;4;0;1;0;0;samedi;True;False;False;2022
2022-05-15;6;2;0;0;0;dimanche;True;False;False;2022
2022-05-16;9;11;4;13;4;lundi;False;False;False;2022
2022-05-17;12;12;2;12;7;mardi;False;False;False;2022
2022-05-18;12;13;6;11;7;mercredi;False;False;False;2022
2022-05-19;14;9;2;11;5;jeudi;False;False;False;2022
2022-05-20;15;14;7;14;6;vendredi;True;False;False;2022
2022-05-21;8;0;7;0;0;samedi;True;False;False;2022
2022-05-22;9;4;1;2;2;dimanche;True;False;False;2022
2022-05-23;8;10;6;12;5;lundi;False;False;False;2022
2022-05-24;7;11;4;11;8;mardi;False;False;False;2022
2022-05-25;11;13;3;13;6;mercredi;False;False;False;2022
2022-05-26;7;0;4;0;0;jeudi;False;True;False;2022
2022-05-27;2;0;5;0;0;vendredi;True;True;False;2022
2022-05-28;0;0;2;0;0;samedi;True;False;False;2022
2022-05-29;0;0;0;0;0;dimanche;True;False;False;2022
2022-05-30;7;11;0;11;4;lundi;False;False;False;2022
2022-05-31;10;17;2;17;12;mardi;False;False;False;2022
2022-06-01;17;21;3;21;11;mercredi;False;False;False;2022
2022-06-02;17;14;6;14;8;jeudi;False;False;False;2022
2022-06-03;12;15;8;15;12;vendredi;True;False;False;2022
2022-06-04;8;0;4;0;0;samedi;True;False;False;2022
2022-06-05;7;1;2;0;0;dimanche;True;False;False;2022
2022-06-06;16;18;2;18;7;lundi;False;True;False;2022
2022-06-07;13;16;7;16;12;mardi;False;False;False;2022
2022-06-08;13;17;8;18;9;mercredi;False;False;False;2022
2022-06-09;17;17;4;16;9;jeudi;False;False;False;2022
2022-06-10;12;12;9;13;8;vendredi;True;False;False;2022
2022-06-11;9;1;4;1;0;samedi;True;False;False;2022
2022-06-12;5;1;5;0;0;dimanche;True;False;False;2022
2022-06-13;7;7;2;8;3;lundi;False;False;False;2022
2022-06-14;17;20;2;17;8;mardi;False;False;False;2022
2022-06-15;15;14;8;17;8;mercredi;False;False;False;2022
2022-06-16;12;16;8;16;11;jeudi;False;False;False;2022
2022-06-17;12;9;5;9;4;vendredi;True;False;False;2022
2022-06-18;9;1;3;1;1;samedi;True;False;False;2022
2022-06-19;7;2;4;0;0;dimanche;True;False;False;2022
2022-06-20;12;15;4;16;6;lundi;False;False;False;2022
2022-06-21;9;16;5;16;14;mardi;False;False;False;2022
2022-06-22;9;14;5;15;9;mercredi;False;False;False;2022
2022-06-23;11;18;4;17;12;jeudi;False;False;False;2022
2022-06-24;11;16;4;16;12;vendredi;True;False;False;2022
2022-06-25;7;0;4;0;0;samedi;True;False;False;2022
2022-06-26;5;0;2;0;0;dimanche;True;False;False;2022
2022-06-27;9;11;4;11;3;lundi;False;False;False;2022
2022-06-28;8;12;4;12;9;mardi;False;False;False;2022
2022-06-29;12;16;2;17;10;mercredi;False;False;False;2022
2022-06-30;16;10;2;10;4;jeudi;False;False;False;2022
2022-07-01;11;9;10;9;4;vendredi;True;False;False;2022
2022-07-02;8;1;4;0;0;samedi;True;False;False;2022
2022-07-03;6;1;3;0;0;dimanche;True;False;False;2022
2022-07-04;6;9;3;11;6;lundi;False;False;False;2022
2022-07-05;8;11;2;10;7;mardi;False;False;False;2022
2022-07-06;9;17;6;17;10;mercredi;False;False;False;2022
2022-07-07;6;8;4;9;7;jeudi;False;True;False;2022
2022-07-08;7;16;1;16;14;vendredi;True;True;False;2022
2022-07-09;3;0;4;0;0;samedi;True;True;False;2022
2022-07-10;2;1;2;0;0;dimanche;True;True;False;2022
2022-07-11;8;10;1;11;3;lundi;False;True;False;2022
2022-07-12;8;13;5;11;8;mardi;False;True;False;2022
2022-07-13;14;17;2;18;9;mercredi;False;True;False;2022
2022-07-14;12;7;5;8;4;jeudi;False;True;False;2022
2022-07-15;6;7;7;7;6;vendredi;True;True;False;2022
2022-07-16;2;1;5;0;0;samedi;True;True;False;2022
2022-07-17;2;0;0;0;0;dimanche;True;True;False;2022
2022-07-18;8;14;1;14;7;lundi;False;True;False;2022
2022-07-19;12;17;4;15;9;mardi;False;True;False;2022
2022-07-20;15;14;5;15;6;mercredi;False;True;False;2022
2022-07-21;14;14;8;15;7;jeudi;False;True;False;2022
2022-07-22;14;15;6;15;9;vendredi;True;True;False;2022
2022-07-23;6;0;8;0;0;samedi;True;True;False;2022
2022-07-24;5;0;1;0;0;dimanche;True;True;False;2022
2022-07-25;7;9;3;9;4;lundi;False;True;False;2022
2022-07-26;8;14;4;14;9;mardi;False;True;False;2022
2022-07-27;12;14;3;14;7;mercredi;False;True;False;2022
2022-07-28;12;5;4;4;1;jeudi;False;True;False;2022
2022-07-29;9;8;7;10;4;vendredi;True;True;False;2022
2022-07-30;8;1;2;0;0;samedi;True;True;False;2022
2022-07-31;4;0;4;0;0;dimanche;True;True;False;2022
2022-08-01;1;0;3;1;0;lundi;False;True;False;2022
2022-08-02;2;6;0;5;5;mardi;False;True;False;2022
2022-08-03;3;7;1;8;5;mercredi;False;True;False;2022
2022-08-04;4;1;0;0;0;jeudi;False;True;False;2022
2022-08-05;4;6;1;7;5;vendredi;True;True;False;2022
2022-08-06;3;1;1;1;1;samedi;True;True;False;2022
2022-08-07;2;0;1;0;0;dimanche;True;True;False;2022
2022-08-08;5;6;1;6;2;lundi;False;True;False;2022
2022-08-09;3;4;3;4;3;mardi;False;True;False;2022
2022-08-10;7;8;1;8;3;mercredi;False;True;False;2022
2022-08-11;5;1;3;0;0;jeudi;False;True;False;2022
2022-08-12;5;6;1;7;5;vendredi;True;True;False;2022
2022-08-13;2;0;3;0;0;samedi;True;True;False;2022
2022-08-14;1;2;1;2;2;dimanche;True;True;False;2022
2022-08-15;1;0;0;0;0;lundi;False;True;False;2022
2022-08-16;2;3;1;3;1;mardi;False;True;False;2022
2022-08-17;10;12;1;12;3;mercredi;False;True;False;2022
2022-08-18;7;13;8;13;8;jeudi;False;True;False;2022
2022-08-19;2;2;5;2;2;vendredi;True;True;False;2022
2022-08-20;0;1;2;1;1;samedi;True;True;False;2022
2022-08-21;0;0;0;0;0;dimanche;True;True;False;2022
2022-08-22;5;7;0;6;2;lundi;False;True;False;2022
2022-08-23;6;4;3;5;0;mardi;False;True;False;2022
2022-08-24;7;4;2;4;1;mercredi;False;True;False;2022
2022-08-25;9;11;4;10;5;jeudi;False;True;False;2022
2022-08-26;9;5;3;6;2;vendredi;True;True;False;2022
2022-08-27;7;0;2;0;0;samedi;True;True;False;2022
2022-08-28;7;1;1;0;0;dimanche;True;True;False;2022
2022-08-29;8;8;5;9;2;lundi;False;True;False;2022
2022-08-30;6;9;4;9;7;mardi;False;True;False;2022
2022-08-31;7;13;4;12;8;mercredi;False;True;False;2022
2022-09-01;10;14;3;15;8;jeudi;False;False;False;2022
2022-09-02;7;11;7;11;7;vendredi;True;False;False;2022
2022-09-03;4;0;3;0;0;samedi;True;False;False;2022
2022-09-04;3;0;1;0;0;dimanche;True;False;False;2022
2022-09-05;5;7;3;7;2;lundi;False;False;False;2022
2022-09-06;5;5;1;5;4;mardi;False;False;False;2022
2022-09-07;10;15;2;15;8;mercredi;False;False;False;2022
2022-09-08;18;20;5;18;7;jeudi;False;False;False;2022
2022-09-09;13;12;11;14;6;vendredi;True;False;False;2022
2022-09-10;6;0;7;0;0;samedi;True;False;False;2022
2022-09-11;7;2;1;0;0;dimanche;True;False;False;2022
2022-09-12;11;15;2;16;9;lundi;False;False;False;2022
2022-09-13;11;18;4;18;14;mardi;False;False;False;2022
2022-09-14;18;16;5;17;4;mercredi;False;False;False;2022
2022-09-15;15;14;8;14;9;jeudi;False;False;False;2022
2022-09-16;17;14;7;14;5;vendredi;True;False;False;2022
2022-09-17;10;1;7;1;1;samedi;True;False;False;2022
2022-09-18;7;1;4;0;0;dimanche;True;False;False;2022
2022-09-19;10;14;4;14;7;lundi;False;False;False;2022
2022-09-20;7;10;5;11;8;mardi;False;False;False;2022
2022-09-21;12;15;3;15;7;mercredi;False;False;False;2022
2022-09-22;13;15;5;15;9;jeudi;False;False;False;2022
2022-09-23;9;6;6;6;4;vendredi;True;False;False;2022
2022-09-24;3;0;6;0;0;samedi;True;False;False;2022
2022-09-25;5;2;0;0;0;dimanche;True;False;False;2022
2022-09-26;7;9;2;9;5;lundi;False;False;False;2022
2022-09-27;8;9;2;11;6;mardi;False;False;False;2022
2022-09-28;14;19;3;18;10;mercredi;False;False;False;2022
2022-09-29;17;12;3;12;6;jeudi;False;False;False;2022
2022-09-30;17;12;6;13;6;vendredi;True;False;False;2022
2022-10-01;12;2;5;2;2;samedi;True;False;False;2022
2022-10-02;14;2;0;0;0;dimanche;True;False;False;2022
2022-10-03;14;15;10;16;5;lundi;False;False;False;2022
2022-10-04;18;21;5;19;12;mardi;False;False;False;2022
2022-10-05;17;13;6;16;8;mercredi;False;False;False;2022
2022-10-06;20;18;9;16;6;jeudi;False;False;False;2022
2022-10-07;17;13;6;15;10;vendredi;True;False;False;2022
2022-10-08;13;0;4;0;0;samedi;True;False;False;2022
2022-10-09;12;2;3;0;0;dimanche;True;False;False;2022
2022-10-10;11;17;8;17;10;lundi;False;False;False;2022
2022-10-11;19;18;1;18;9;mardi;False;False;False;2022
2022-10-12;20;17;7;19;9;mercredi;False;False;False;2022
2022-10-13;25;25;7;25;13;jeudi;False;False;False;2022
2022-10-14;21;17;11;17;10;vendredi;True;False;False;2022
2022-10-15;10;0;11;0;0;samedi;True;False;False;2022
2022-10-16;9;2;2;1;1;dimanche;True;False;False;2022
2022-10-17;13;14;5;14;5;lundi;False;False;False;2022
2022-10-18;16;23;4;22;16;mardi;False;False;False;2022
2022-10-19;16;12;8;14;4;mercredi;False;False;False;2022
2022-10-20;20;25;7;25;14;jeudi;False;False;False;2022
2022-10-21;11;11;12;11;8;vendredi;True;False;False;2022
2022-10-22;5;0;6;0;0;samedi;True;True;False;2022
2022-10-23;5;0;0;0;0;dimanche;True;True;False;2022
2022-10-24;11;17;5;17;6;lundi;False;True;False;2022
2022-10-25;16;17;3;17;9;mardi;False;True;False;2022
2022-10-26;18;16;8;16;6;mercredi;False;True;False;2022
2022-10-27;19;19;6;18;12;jeudi;False;True;False;2022
2022-10-28;15;15;11;16;8;vendredi;True;True;False;2022
2022-10-29;10;0;5;0;0;samedi;True;True;False;2022
2022-10-30;8;2;4;0;0;dimanche;True;True;False;2022
2022-10-31;17;13;3;14;1;lundi;False;True;False;2022
2022-11-01;12;0;5;0;0;mardi;False;True;False;2022
2022-11-02;10;14;6;15;10;mercredi;False;True;False;2022
2022-11-03;13;18;4;18;11;jeudi;False;True;False;2022
2022-11-04;15;23;4;23;17;vendredi;True;True;False;2022
2022-11-05;7;0;8;0;0;samedi;True;True;False;2022
2022-11-06;4;1;3;1;1;dimanche;True;True;False;2022
2022-11-07;10;17;4;15;7;lundi;False;False;False;2022
2022-11-08;13;23;3;24;17;mardi;False;False;False;2022
2022-11-09;19;15;5;14;4;mercredi;False;False;False;2022
2022-11-10;20;14;7;16;6;jeudi;False;False;False;2022
2022-11-11;17;18;8;18;13;vendredi;True;True;False;2022
2022-11-12;13;1;5;1;0;samedi;True;False;False;2022
2022-11-13;13;1;1;0;0;dimanche;True;False;False;2022
2022-11-14;18;14;7;14;2;lundi;False;False;False;2022
2022-11-15;19;20;8;20;11;mardi;False;False;False;2022
2022-11-16;21;17;6;18;9;mercredi;False;False;False;2022
2022-11-17;25;19;8;19;7;jeudi;False;False;False;2022
2022-11-18;17;19;17;19;10;vendredi;True;False;False;2022
2022-11-19;14;0;3;0;0;samedi;True;False;False;2022
2022-11-20;11;2;5;0;0;dimanche;True;False;False;2022
2022-11-21;9;12;7;12;7;lundi;False;False;False;2022
2022-11-22;9;9;4;10;5;mardi;False;False;False;2022
2022-11-23;19;23;3;22;10;mercredi;False;False;False;2022
2022-11-24;22;16;8;16;5;jeudi;False;False;False;2022
2022-11-25;17;13;9;15;9;vendredi;True;False;False;2022
2022-11-26;14;0;3;0;0;samedi;True;False;False;2022
2022-11-27;11;3;6;0;0;dimanche;True;False;False;2022
2022-11-28;12;7;5;10;1;lundi;False;False;False;2022
2022-11-29;15;14;3;13;8;mardi;False;False;False;2022
2022-11-30;19;18;5;18;9;mercredi;False;False;False;2022
2022-12-01;20;17;9;18;7;jeudi;False;False;False;2022
2022-12-02;11;6;11;6;4;vendredi;True;False;False;2022
2022-12-03;8;0;3;0;0;samedi;True;False;False;2022
2022-12-04;8;1;1;0;0;dimanche;True;False;False;2022
2022-12-05;7;9;5;10;5;lundi;False;False;False;2022
2022-12-06;9;20;3;20;15;mardi;False;False;False;2022
2022-12-07;13;17;3;17;10;mercredi;False;False;False;2022
2022-12-08;10;17;8;17;12;jeudi;False;False;False;2022
2022-12-09;10;18;5;18;13;vendredi;True;False;False;2022
2022-12-10;6;0;4;0;0;samedi;True;False;False;2022
2022-12-11;8;3;1;0;0;dimanche;True;False;False;2022
2022-12-12;12;11;4;12;3;lundi;False;False;False;2022
2022-12-13;13;20;4;20;15;mardi;False;False;False;2022
2022-12-14;17;19;3;19;12;mercredi;False;False;False;2022
2022-12-15;19;15;6;17;7;jeudi;False;False;False;2022
2022-12-16;13;6;8;6;4;vendredi;True;False;False;2022
2022-12-17;6;0;7;0;0;samedi;True;True;False;2022
2022-12-18;4;0;2;0;0;dimanche;True;True;False;2022
2022-12-19;5;11;3;11;7;lundi;False;True;False;2022
2022-12-20;5;16;4;16;12;mardi;False;True;False;2022
2022-12-21;12;16;2;15;7;mercredi;False;True;False;2022
2022-12-22;8;11;5;12;10;jeudi;False;True;False;2022
2022-12-23;4;1;5;1;0;vendredi;True;True;False;2022
2022-12-24;3;1;2;0;0;samedi;True;True;False;2022
2022-12-25;2;0;1;0;0;dimanche;True;True;False;2022
2022-12-26;1;0;1;0;0;lundi;False;True;False;2022
2022-12-27;2;4;0;5;3;mardi;False;True;False;2022
2022-12-28;5;13;0;11;10;mercredi;False;True;False;2022
2022-12-29;4;1;2;0;0;jeudi;False;True;False;2022
2022-12-30;4;13;2;16;11;vendredi;True;True;False;2022
2022-12-31;3;0;1;0;0;samedi;True;True;False;2022
2023-01-01;1;0;2;0;0;dimanche;True;True;False;2023
2023-01-02;0;0;1;0;0;lundi;False;True;False;2023
