chirurgien;annee;interventions;interventions_par_semaine;part_ambulatoire;nuits_moyenne_hospitalises;part_entree_veille;duree_salle_mediane;part_operes_jeudi_vendredi;types_differents
BO;2019;16;0.31;0.31;5.09;0.56;72.0;0.06;6
BO;2020;4;0.08;0.25;7.67;0.5;107.0;0.5;3
CL;2019;480;9.23;0.45;3.73;0.29;57.0;0.4;72
CL;2020;480;9.23;0.35;3.35;0.15;69.0;0.35;88
CL;2021;491;9.44;0.37;2.9;0.09;65.0;0.36;76
CL;2022;563;10.83;0.41;2.61;0.07;65.0;0.37;75
CT;2019;252;4.85;1.0;1.0;0.0;67.0;0.49;4
CT;2020;223;4.29;1.0;;0.0;68.0;0.49;2
CT;2021;250;4.81;1.0;;0.0;70.0;0.5;1
CT;2022;373;7.17;1.0;;0.0;64.5;0.46;3
CU;2019;189;3.63;0.76;1.37;0.0;42.0;0.7;91
CU;2020;162;3.12;0.82;1.76;0.02;45.0;0.72;71
CU;2021;179;3.44;0.74;1.49;0.0;50.0;0.75;77
CU;2022;192;3.69;0.77;1.27;0.0;49.0;0.77;75
DE;2019;349;6.71;0.28;2.12;0.1;100.0;0.51;52
DE;2020;362;6.96;0.24;2.15;0.05;105.0;0.44;48
DE;2021;394;7.58;0.28;2.11;0.05;102.0;0.47;56
DE;2022;412;7.92;0.28;2.23;0.06;100.0;0.45;48
FE;2019;43;0.83;0.65;1.2;0.02;60.0;0.0;6
FE;2020;27;0.52;0.89;1.33;0.0;60.0;0.0;5
FE;2021;22;0.42;0.86;1.0;0.0;61.5;0.0;3
FN;2019;101;1.94;0.03;2.92;0.55;120.0;0.04;26
FN;2020;104;2.0;0.05;2.41;0.27;111.0;0.16;15
FN;2021;88;1.69;0.01;2.45;0.14;128.0;0.08;9
FN;2022;121;2.33;0.03;2.23;0.1;114.0;0.12;13
FP;2022;1;0.02;0.0;2.0;0.0;103.0;1.0;1
GA;2021;32;0.62;0.47;3.71;0.16;103.5;0.53;8
GA;2022;56;1.08;0.18;4.09;0.32;140.0;0.0;7
HA;2019;32;0.62;0.0;3.53;1.0;74.5;1.0;4
HA;2020;32;0.62;0.0;2.84;0.28;82.0;1.0;3
HA;2021;21;0.4;0.0;2.62;0.05;77.0;1.0;1
HA;2022;33;0.63;0.0;2.85;0.12;87.0;1.0;3
INCONNU;2019;35;0.67;0.11;2.9;0.0;66.0;0.23;1
INCONNU;2020;30;0.58;0.13;2.38;0.0;;0.4;1
INCONNU;2021;23;0.44;0.09;2.05;0.0;32.0;0.26;1
INCONNU;2022;10;0.19;0.3;2.86;0.0;50.0;0.4;2
JE;2019;42;0.81;0.48;1.36;0.05;83.0;0.0;11
JE;2020;41;0.79;0.41;1.42;0.02;86.5;0.05;11
JE;2021;42;0.81;0.31;1.76;0.0;109.5;0.0;10
JE;2022;26;0.5;0.5;1.54;0.0;84.0;0.0;8
JT;2019;383;7.37;0.3;3.68;0.24;80.0;0.01;40
JT;2020;379;7.29;0.26;2.78;0.11;79.0;0.04;32
JT;2021;404;7.77;0.3;2.5;0.08;84.0;0.02;36
JT;2022;419;8.06;0.27;2.51;0.11;83.0;0.02;35
LR;2021;63;1.21;0.94;1.0;0.02;32.0;1.0;7
LR;2022;180;3.46;0.96;1.0;0.0;33.0;0.24;15
LZ;2019;591;11.37;0.84;1.06;0.01;49.0;0.32;81
LZ;2020;487;9.37;0.88;1.34;0.01;49.0;0.46;115
LZ;2021;410;7.88;0.85;1.26;0.0;48.0;0.49;85
LZ;2022;273;5.25;0.8;1.09;0.01;42.0;0.7;39
MO;2019;203;3.9;0.68;1.64;0.04;70.0;0.08;19
MO;2020;141;2.71;0.74;1.44;0.01;71.0;0.05;16
MO;2021;167;3.21;0.69;1.21;0.01;74.0;0.0;9
MO;2022;164;3.15;0.82;1.07;0.01;68.5;0.0;10
MT;2019;70;1.35;0.89;1.62;0.01;36.0;0.26;24
MT;2020;238;4.58;0.91;1.38;0.0;56.0;0.56;59
MT;2021;324;6.23;0.88;1.21;0.01;54.0;0.47;95
MT;2022;354;6.81;0.9;1.17;0.0;54.0;0.39;80
OA;2019;20;0.38;0.45;2.0;0.0;57.0;1.0;12
PA;2019;223;4.29;1.0;;0.0;53.0;0.05;3
PA;2020;219;4.21;1.0;;0.0;57.0;0.08;2
PA;2021;243;4.67;1.0;;0.0;54.0;0.04;2
PH;2020;4;0.08;0.5;1.5;0.0;130.5;1.0;4
PH;2021;1;0.02;0.0;3.0;0.0;126.0;1.0;1
RL;2022;11;0.21;1.0;;0.0;47.0;0.0;6
SM;2019;314;6.04;0.57;2.6;0.08;95.0;0.8;74
SM;2020;294;5.65;0.52;2.17;0.04;104.0;0.64;62
SM;2021;312;6.0;0.59;2.06;0.01;89.0;0.74;47
SM;2022;174;3.35;0.6;2.19;0.03;82.0;0.84;23
SR;2019;232;4.46;0.06;3.7;0.36;98.0;0.64;36
SR;2020;188;3.62;0.1;3.34;0.15;100.0;0.69;33
SR;2021;212;4.08;0.07;2.96;0.05;101.0;0.71;40
SR;2022;218;4.19;0.06;2.77;0.08;105.0;0.7;46
TR;2019;116;2.23;0.0;3.55;0.84;121.5;0.17;8
TR;2020;111;2.13;0.0;2.75;0.36;118.0;0.14;6
TR;2021;85;1.63;0.01;2.79;0.21;129.0;0.12;6
TR;2022;89;1.71;0.0;2.63;0.21;123.5;0.11;5
