type_intervention_norm;effectif;part_ambulatoire;nuits_moyenne;nuits_mediane;nuits_p90;part_entree_veille;duree_salle_mediane;duree_salle_p90;chirurgiens
varices;1768;1.0;0.0;0.0;0.0;0.0;62.0;85.0;2
pied simple;1459;0.85;0.17;0.0;1.0;0.0;63.0;93.0;8
arthroscopie genou;1199;0.82;0.27;0.0;1.0;0.01;46.0;73.0;11
main simple;1008;0.9;0.11;0.0;1.0;0.0;43.0;81.0;9
prothese totale genou;797;0.0;4.99;5.0;7.0;0.42;113.0;155.0;13
arthroscopie epaule complexe;737;0.09;1.15;1.0;2.0;0.0;92.0;136.0;3
prothese totale hanche;578;0.0;4.16;4.0;6.0;0.38;97.0;151.6;11
rachis lombaire simple;570;0.0;2.77;2.0;4.0;0.35;109.0;158.4;6
canal carpien;481;0.97;0.03;0.0;0.0;0.0;32.0;42.0;7
ligamentoplastie genou;478;0.02;1.83;2.0;3.0;0.0;92.0;129.7;8
ablation de materiel d osteosynthese simple;471;0.83;0.2;0.0;1.0;0.0;43.0;69.0;14
ligamentoplastie genou + arthroscopie;387;0.01;1.64;2.0;2.0;0.0;103.0;140.0;8
osteosynthese membre superieur;278;0.54;0.6;0.0;1.0;0.02;76.5;121.9;8
osteosynthese membre inferieur;218;0.28;1.75;1.0;4.0;0.17;66.0;115.3;9
rachis lombaire complexe;192;0.0;3.02;3.0;4.0;0.45;128.0;179.1;3
pied complexe;174;0.7;0.51;0.0;2.0;0.01;94.0;148.0;7
prothese unicompartimentale genou;171;0.01;4.67;4.0;6.0;0.28;100.0;130.0;8
arthroscopie epaule simple;165;0.55;0.58;0.0;2.0;0.02;75.0;126.7;4
main complexe;154;0.47;0.58;1.0;1.0;0.02;77.0;114.7;5
cheville simple;149;0.59;0.52;0.0;1.0;0.01;70.5;105.0;6
arthroscopie cheville;144;0.69;0.48;0.0;2.0;0.0;93.0;141.8;4
reprise tendon;125;0.67;0.46;0.0;1.0;0.0;48.0;86.6;8
reduction fracture;115;0.95;0.08;0.0;0.0;0.02;40.0;66.6;7
ablation de materiel d osteosynthese complexe;107;0.63;0.57;0.0;1.4;0.0;61.0;105.8;10
prothese totale epaule;98;0.0;4.19;4.0;6.0;0.44;135.0;170.0;3
ongle incarne;95;0.98;0.02;0.0;0.0;0.0;29.0;47.0;7
ligamentoplastie cheville;91;0.35;1.01;1.0;2.0;0.01;103.0;149.0;5
arthroscopie poignet;90;0.83;0.18;0.0;1.0;0.0;79.0;130.2;3
cheville complexe;78;0.26;1.41;1.0;3.0;0.04;103.0;170.8;7
butee epaule;76;0.04;1.14;1.0;2.0;0.0;115.0;185.5;4
rachis cervical simple;75;0.03;2.03;2.0;3.0;0.19;148.0;197.4;2
osteotomie tibilale valgisation;74;0.01;3.0;3.0;4.0;0.0;99.5;118.7;6
ablation broche;67;0.97;0.03;0.0;0.0;0.0;32.0;50.6;7
arthrodese arriere pied;49;0.04;2.18;2.0;4.0;0.0;137.0;162.4;5
reprise pth;42;0.0;4.81;5.0;7.0;0.43;135.5;206.5;3
ablation corps etranger;36;0.89;0.14;0.0;0.5;0.0;44.5;74.5;7
transposition tuberosite tibiale anterieure du genou;32;0.0;2.31;2.0;3.0;0.0;79.5;127.9;5
arthrodese cheville;24;0.04;2.46;2.0;3.7;0.04;138.5;161.7;3
prothese totale cheville;24;0.0;2.5;2.0;3.0;0.0;160.5;178.0;2
resurfacage hanche;21;0.0;4.0;3.0;6.0;0.43;111.0;127.0;1
