acte_chirurgical;libelle_le_plus_frequent;part_de_ce_libelle;appareil;effectif;par_semaine_2022;part_ambulatoire;part_ambulatoire_2019;part_ambulatoire_2022;nuits_moyenne;nuits_mediane;nuits_p90;part_entree_veille;lits_nuits_total;part_des_lits_nuits;duree_salle_mediane;duree_salle_p90;duree_salle_cv;part_operes_jeudi_vendredi;part_sejours_avec_weekend;chirurgiens;age_moyen
EJSA001;varices;0.993;vaisseaux;1337;5.865;0.999;0.997;1.0;0.001;0.0;0.0;0.0;1;0.0;62.0;85.0;0.262;0.311;0.0;2;53.575
NFMC003;ligamentoplastie genou;0.538;membre inférieur;850;4.865;0.007;0.005;0.016;1.767;2.0;3.0;0.002;1502;0.087;98.0;133.8;0.25;0.454;0.413;9;31.515
NFFC004;arthroscopie genou;0.977;membre inférieur;654;3.673;0.887;0.872;0.88;0.147;0.0;1.0;0.005;96;0.006;44.0;66.0;0.29;0.31;0.029;7;48.911
MJEC002;arthroscopie epaule complexe;0.912;membre supérieur;421;1.942;0.021;0.034;0.01;1.273;1.0;2.0;0.01;536;0.031;83.5;134.2;0.295;0.083;0.062;3;60.57
NEKA012;prothese totale hanche;0.922;membre inférieur;411;2.019;0.0;0.0;0.0;4.041;4.0;6.0;0.372;1661;0.096;92.0;118.6;0.209;0.328;0.866;6;67.714
PAGA011;ablation de materiel d osteosynthese simple;0.534;ostéo-articulaire sans précision;410;2.308;0.788;0.722;0.775;0.278;0.0;1.0;0.005;114;0.007;41.0;70.0;0.484;0.476;0.051;12;43.972
NFKA007;prothese totale genou;0.992;membre inférieur;361;2.385;0.0;0.0;0.0;4.886;5.0;7.0;0.396;1764;0.102;116.5;149.0;0.177;0.407;0.837;8;70.775
NDPA011;pied simple;0.936;membre inférieur;327;0.846;0.942;0.916;0.977;0.064;0.0;0.0;0.003;21;0.001;67.0;93.0;0.255;0.324;0.012;6;51.358
NFKA008;prothese totale genou;0.997;membre inférieur;306;1.481;0.0;0.0;0.0;5.163;5.0;7.0;0.408;1580;0.092;106.0;149.7;0.243;0.281;0.869;11;71.469
AHPA009;canal carpien;0.903;système nerveux;299;2.346;0.98;0.978;0.992;0.02;0.0;0.0;0.003;6;0.0;31.0;44.3;0.33;0.488;0.003;6;57.643
EJFA002;varices;0.996;vaisseaux;278;0.385;1.0;1.0;1.0;0.0;0.0;0.0;0.0;0;0.0;60.0;83.0;0.266;0.288;0.0;2;54.467
MJDC001;arthroscopie epaule complexe;0.843;membre supérieur;267;1.038;0.184;0.145;0.222;1.034;1.0;2.0;0.0;276;0.016;95.5;131.7;0.332;0.273;0.176;3;56.637
LFFA002;rachis lombaire simple;0.889;rachis / tête et tronc;228;1.173;0.0;0.0;0.0;2.64;2.0;4.0;0.355;602;0.035;108.0;152.0;0.236;0.219;0.382;4;47.801
MJFA018;canal carpien;0.847;membre supérieur;196;1.115;0.949;0.964;0.914;0.051;0.0;0.0;0.005;10;0.001;32.0;42.7;0.303;0.454;0.02;6;57.648
MJFA015;main simple;0.845;membre supérieur;195;1.058;0.979;0.963;0.982;0.021;0.0;0.0;0.0;4;0.0;32.0;47.0;0.312;0.456;0.005;6;61.992
NHFA001;pied simple;0.855;membre inférieur;187;0.346;0.93;0.909;0.889;0.07;0.0;0.0;0.0;13;0.001;53.0;90.4;0.396;0.348;0.0;5;55.365
NFKA006;prothese unicompartimentale genou;0.878;membre inférieur;181;1.077;0.006;0.0;0.0;4.624;4.0;6.0;0.287;837;0.049;103.0;130.0;0.203;0.409;0.801;7;67.776
NJPA018;ablation de materiel d osteosynthese simple;0.36;membre inférieur;180;0.404;0.811;0.804;0.905;0.256;0.0;1.0;0.0;46;0.003;47.0;90.2;0.519;0.361;0.061;5;48.758
NDPA008;pied simple;0.962;membre inférieur;159;0.827;0.849;0.912;0.86;0.176;0.0;1.0;0.006;28;0.002;70.0;89.0;0.221;0.113;0.013;5;57.136
NEKA020;prothese totale hanche;0.919;membre inférieur;136;0.635;0.0;0.0;0.0;4.331;4.0;6.5;0.493;589;0.034;112.0;160.7;0.267;0.346;0.765;6;67.704
NFFC003;arthroscopie genou;0.985;membre inférieur;135;0.538;0.956;0.936;0.964;0.059;0.0;0.0;0.0;8;0.0;38.0;50.6;0.263;0.474;0.015;6;54.533
NFFC002;arthroscopie genou;0.911;membre inférieur;125;0.481;0.752;0.789;0.72;0.448;0.0;1.0;0.016;56;0.003;45.0;72.0;0.352;0.48;0.12;7;43.754
NDPA013;pied simple;0.64;membre inférieur;125;0.481;0.824;0.786;0.88;0.2;0.0;1.0;0.008;25;0.001;91.0;132.0;0.292;0.4;0.024;6;64.762
LFAA002;rachis lombaire simple;0.876;rachis / tête et tronc;124;0.731;0.0;0.0;0.0;3.089;3.0;4.0;0.339;383;0.022;111.0;150.4;0.237;0.355;0.556;3;66.148
LFFA006;rachis lombaire complexe;0.491;rachis / tête et tronc;116;0.5;0.0;0.0;0.0;2.991;3.0;4.0;0.44;347;0.02;115.0;158.4;0.208;0.078;0.147;1;68.286
NZMA001;pied simple;0.921;membre inférieur;114;0.712;0.895;0.879;0.892;0.123;0.0;0.7;0.0;14;0.001;65.0;92.1;0.228;0.035;0.026;4;54.118
MCCA005;osteosynthese membre superieur;0.549;membre supérieur;114;0.692;0.728;0.474;0.778;0.342;0.0;1.0;0.026;39;0.002;68.0;87.2;0.207;0.43;0.026;5;60.963
QZMA001;ablation de materiel d osteosynthese simple;0.366;peau et tissus mous;102;0.615;0.971;0.952;1.0;0.147;0.0;0.0;0.01;15;0.001;39.0;61.0;0.5;0.765;0.02;7;21.914
NFEC002;arthroscopie genou;0.892;membre inférieur;102;0.654;0.853;0.846;0.824;0.176;0.0;1.0;0.0;18;0.001;56.5;84.0;0.367;0.49;0.029;4;28.033
MEMC003;arthroscopie epaule simple;0.617;membre supérieur;94;0.308;0.617;0.72;0.375;0.415;0.0;1.0;0.0;39;0.002;73.0;111.1;0.302;0.16;0.106;3;53.12
LFAA001;rachis lombaire simple;0.914;rachis / tête et tronc;93;0.577;0.0;0.0;0.0;2.624;2.0;4.0;0.355;244;0.014;82.0;117.9;0.271;0.785;0.817;3;54.241
MACA001;osteosynthese membre superieur;0.828;membre supérieur;93;0.558;0.376;0.357;0.31;0.645;1.0;1.0;0.0;60;0.003;91.0;130.0;0.236;0.344;0.118;3;35.577
NJMA003;reprise tendon;0.731;membre inférieur;93;0.615;0.849;0.769;0.906;0.161;0.0;1.0;0.0;15;0.001;48.0;63.4;0.304;0.312;0.011;6;46.539
NGPC001;arthroscopie cheville;0.543;membre inférieur;92;0.173;0.707;0.654;0.889;0.413;0.0;1.0;0.022;38;0.002;87.5;115.0;0.293;0.641;0.13;4;39.861
MHMA005;main complexe;0.641;membre supérieur;92;0.654;0.109;0.0;0.206;0.967;1.0;1.0;0.033;89;0.005;79.0;99.6;0.203;0.859;0.098;4;62.899
QZFA009;ongle incarne;0.859;peau et tissus mous;85;0.269;0.965;0.955;1.0;0.035;0.0;0.0;0.0;3;0.0;28.0;40.0;0.352;0.4;0.012;6;21.779
NJPA029;pied simple;0.675;membre inférieur;83;0.096;0.723;0.727;0.8;0.361;0.0;1.0;0.0;30;0.002;66.0;123.4;0.454;0.361;0.048;4;55.623
EJSF418;varices;1.0;vaisseaux;83;0.5;1.0;;1.0;0.0;0.0;0.0;0.0;0;0.0;62.0;80.8;0.177;0.518;0.0;2;55.714
NDFA010;arthroscopie cheville;0.21;membre inférieur;81;0.154;0.42;0.385;0.5;1.111;1.0;3.0;0.0;90;0.005;92.0;155.2;0.395;0.704;0.309;2;47.748
MDGA002;main simple;0.286;membre supérieur;78;0.654;0.974;1.0;0.971;0.026;0.0;0.0;0.0;2;0.0;29.0;41.3;0.34;0.474;0.0;2;45.703
LFFA001;rachis lombaire complexe;0.603;rachis / tête et tronc;73;0.365;0.0;0.0;0.0;3.151;3.0;4.0;0.479;230;0.013;152.0;180.6;0.182;0.055;0.137;2;67.842
NGCA001;ligamentoplastie cheville;0.306;membre inférieur;72;0.212;0.319;0.367;0.091;0.944;1.0;2.0;0.056;68;0.004;66.0;118.0;0.408;0.236;0.167;6;42.638
NFRP001;mobilisation genou droit;0.113;membre inférieur;71;0.423;0.085;0.056;0.091;1.521;1.0;3.0;0.014;108;0.006;37.5;75.0;0.549;0.634;0.338;6;59.537
NFPC002;arthroscopie genou;0.786;membre inférieur;70;0.385;0.471;0.611;0.4;0.7;1.0;2.0;0.0;49;0.003;57.0;81.6;0.296;0.4;0.1;6;46.064
NCPA015;osteotomie tibilale valgisation;0.814;membre inférieur;70;0.212;0.057;0.062;0.0;2.957;3.0;4.0;0.0;207;0.012;97.0;115.0;0.192;0.471;0.557;6;49.599
NDPA010;arthroscopie cheville;0.522;membre inférieur;69;0.115;0.609;0.538;1.0;0.536;0.0;2.0;0.0;37;0.002;105.0;151.0;0.315;0.739;0.13;1;45.088
MJFA006;main simple;0.831;membre supérieur;66;0.346;0.97;0.92;1.0;0.03;0.0;0.0;0.0;2;0.0;53.0;84.2;0.369;0.636;0.0;3;64.838
NDPA014;pied simple;0.891;membre inférieur;64;0.192;0.75;0.75;0.8;0.281;0.0;1.0;0.0;18;0.001;59.0;87.4;0.499;0.281;0.0;6;57.664
EJFA006;varices;0.984;vaisseaux;62;0.288;1.0;1.0;1.0;0.0;0.0;0.0;0.0;0;0.0;67.0;88.0;0.229;0.161;0.0;2;64.058
MEMA005;butee epaule;0.855;membre supérieur;62;0.596;0.016;0.0;0.0;1.145;1.0;2.0;0.0;71;0.004;108.5;150.8;0.301;0.242;0.177;2;29.971
NDPA003;pied simple;0.344;membre inférieur;61;0.135;0.295;0.154;0.0;0.754;1.0;1.0;0.0;46;0.003;52.0;108.0;0.488;0.59;0.574;5;25.261
NJEA005;pied simple;0.82;membre inférieur;61;0.077;0.82;0.765;1.0;0.213;0.0;1.0;0.0;13;0.001;56.0;91.0;0.383;0.246;0.033;2;62.833
MEMC005;arthroscopie epaule complexe;0.65;membre supérieur;60;0.173;0.283;0.261;0.333;0.833;1.0;1.0;0.017;50;0.003;97.0;135.4;0.256;0.167;0.1;2;52.282
PAGA009;ablation de materiel d osteosynthese simple;0.603;ostéo-articulaire sans précision;59;0.327;0.814;0.6;0.882;0.22;0.0;1.0;0.0;13;0.001;54.0;82.0;0.412;0.508;0.051;4;43.722
MCEP002;reduction fracture;0.69;membre supérieur;58;0.442;1.0;1.0;1.0;0.0;0.0;0.0;0.0;0;0.0;45.0;63.3;0.406;0.259;0.0;1;10.672
MEKA006;prothese totale epaule;0.965;membre supérieur;57;0.365;0.0;0.0;0.0;4.386;4.0;6.0;0.386;250;0.015;126.0;148.8;0.142;0.018;0.561;3;73.87
NHKA001;pied simple;0.929;membre inférieur;56;0.327;0.839;0.727;0.882;0.179;0.0;1.0;0.0;10;0.001;78.0;103.5;0.187;0.25;0.018;3;63.459
PCPA003;pied simple;0.446;ostéo-articulaire sans précision;56;0.288;0.732;0.81;0.867;0.321;0.0;1.0;0.0;18;0.001;63.0;110.4;0.379;0.304;0.107;10;48.089
AHPA011;pied simple;0.818;système nerveux;55;0.25;0.945;1.0;0.923;0.055;0.0;0.0;0.0;3;0.0;43.0;70.2;0.313;0.091;0.0;3;58.12
MJFA010;main simple;0.849;membre supérieur;53;0.404;0.943;0.0;1.0;0.075;0.0;0.0;0.019;4;0.0;71.0;110.8;0.343;0.887;0.0;4;64.853
NCCA012;osteosynthese membre inferieur;0.667;membre inférieur;49;0.269;0.469;0.667;0.357;0.571;1.0;1.0;0.02;28;0.002;52.0;84.4;0.305;0.367;0.082;5;44.353
MDCB003;main simple;0.367;membre supérieur;49;0.212;0.959;1.0;1.0;0.041;0.0;0.0;0.0;2;0.0;45.0;65.2;0.265;0.367;0.02;2;32.6
NBMA002;prothese totale genou;0.63;membre inférieur;46;0.135;0.087;0.118;0.143;3.804;4.0;6.5;0.348;175;0.01;102.0;129.5;0.307;0.543;0.717;6;65.102
MJPA012;main simple;0.267;membre supérieur;45;0.212;0.844;0.667;0.818;0.2;0.0;1.0;0.0;9;0.001;51.0;70.0;0.323;0.956;0.044;4;52.489
NCCA017;osteosynthese membre inferieur;0.578;membre inférieur;45;0.154;0.111;0.0;0.125;1.822;1.0;3.0;0.178;82;0.005;89.5;128.8;0.324;0.422;0.378;6;55.531
MJPA013;main simple;0.953;membre supérieur;43;0.288;1.0;1.0;1.0;0.0;0.0;0.0;0.0;0;0.0;34.0;40.8;0.208;0.512;0.0;1;63.056
NDPA002;pied simple;0.762;membre inférieur;43;0.25;0.86;0.87;0.846;0.14;0.0;1.0;0.0;6;0.0;82.0;121.8;0.347;0.395;0.023;5;55.474
MCEP001;reduction fracture;0.814;membre supérieur;43;;1.0;1.0;;0.0;0.0;0.0;0.0;0;0.0;30.0;60.0;0.55;0.279;0.0;1;11.635
MJFA012;main simple;0.791;membre supérieur;43;0.404;0.977;;1.0;0.023;0.0;0.0;0.0;1;0.0;35.0;48.8;0.264;0.581;0.0;2;65.663
AHPA028;main simple;0.69;système nerveux;42;0.288;1.0;1.0;1.0;0.0;0.0;0.0;0.0;0;0.0;42.0;65.0;0.393;0.524;0.0;3;40.64
LFFA004;rachis lombaire simple;0.725;rachis / tête et tronc;40;0.173;0.0;0.0;0.0;2.8;3.0;4.0;0.45;112;0.007;125.0;152.0;0.185;0.125;0.45;2;48.935
AHPA022;main simple;0.27;système nerveux;37;0.423;0.919;1.0;0.909;0.081;0.0;0.0;0.0;3;0.0;55.0;72.4;0.3;0.568;0.0;5;50.108
MGFC002;arthroscopie poignet;0.703;membre supérieur;37;0.231;0.838;1.0;0.75;0.162;0.0;1.0;0.0;6;0.0;79.0;126.2;0.399;0.541;0.081;2;38.408
MJFA004;main simple;0.6;membre supérieur;35;0.212;0.829;0.857;0.818;0.229;0.0;1.0;0.0;8;0.0;44.0;80.6;0.382;0.486;0.086;2;47.777
MJEA019;reprise tendon;0.147;membre supérieur;34;0.096;0.824;0.923;1.0;0.176;0.0;1.0;0.0;6;0.0;111.0;135.7;0.142;0.647;0.059;2;47.244
LDCA013;rachis cervical simple;0.824;rachis / tête et tronc;34;0.192;0.0;0.0;0.0;1.971;2.0;3.0;0.176;67;0.004;136.5;161.4;0.169;0.059;0.235;1;44.653
MDCA011;main simple;0.515;membre supérieur;33;0.212;0.909;1.0;0.909;0.091;0.0;0.0;0.0;3;0.0;64.0;90.0;0.285;0.333;0.03;3;33.936
MHFA001;main simple;0.515;membre supérieur;33;0.288;0.97;1.0;1.0;0.03;0.0;0.0;0.0;1;0.0;46.0;65.6;0.329;0.636;0.0;5;54.903
MGFC003;arthroscopie poignet;0.97;membre supérieur;33;0.135;0.879;1.0;0.714;0.121;0.0;0.8;0.0;4;0.0;85.0;133.0;0.288;0.636;0.121;1;43.648
NHPA002;pied simple;0.606;membre inférieur;33;0.019;0.788;0.929;1.0;0.242;0.0;1.0;0.0;8;0.0;50.0;64.2;0.211;0.061;0.0;3;57.261
NFJC002;arthroscopie genou;1.0;membre inférieur;33;0.077;0.879;0.75;1.0;0.212;0.0;0.8;0.0;7;0.0;50.0;65.6;0.221;0.455;0.121;1;48.052
AHPA001;pied simple;0.781;système nerveux;32;0.154;0.906;1.0;0.75;0.094;0.0;0.0;0.0;3;0.0;44.5;56.9;0.221;0.656;0.031;4;51.894
MGFA004;main simple;0.625;membre supérieur;32;0.115;0.969;1.0;1.0;0.031;0.0;0.0;0.0;1;0.0;43.0;52.7;0.201;0.625;0.0;4;36.291
MEMC002;arthroscopie epaule complexe;0.548;membre supérieur;31;0.135;0.194;0.167;0.143;0.903;1.0;1.0;0.0;28;0.002;141.0;189.0;0.234;0.387;0.387;2;32.735
JDLD001;prothese totale hanche;0.296;J;31;0.096;0.0;0.0;0.0;4.742;5.0;7.0;0.581;147;0.009;120.0;210.2;0.496;0.29;0.774;9;72.965
PCPA004;jambe droite / sd des loges posterieures;0.065;ostéo-articulaire sans précision;31;0.115;0.484;0.333;0.5;0.581;1.0;1.0;0.0;18;0.001;41.0;62.0;0.385;0.419;0.065;3;33.442
LDFA008;rachis cervical simple;0.967;rachis / tête et tronc;30;0.192;0.0;0.0;0.0;2.0;2.0;3.0;0.133;60;0.003;147.0;182.4;0.161;0.067;0.167;1;56.153
NBFA005;prothese totale genou;0.724;membre inférieur;29;0.038;0.103;0.167;0.0;4.448;5.0;7.0;0.517;129;0.007;90.0;142.6;0.497;0.31;0.828;3;63.486
NCPA002;transposition tuberosite tibiale anterieure du genou;0.379;membre inférieur;29;0.135;0.034;0.0;0.0;2.241;2.0;3.0;0.0;65;0.004;69.0;84.2;0.292;0.448;0.448;4;26.297
PACC001;arthroscopie genou;0.643;ostéo-articulaire sans précision;28;0.096;0.75;0.7;1.0;0.286;0.0;1.0;0.0;8;0.0;51.0;73.0;0.282;0.821;0.071;6;29.207
NHDA004;pied simple;0.929;membre inférieur;28;0.173;0.5;0.0;0.667;0.571;0.5;1.0;0.036;16;0.001;92.5;119.4;0.209;0.071;0.0;5;68.271
LHFA016;rachis lombaire complexe;0.5;rachis / tête et tronc;28;0.038;0.0;0.0;0.0;3.25;3.0;4.3;0.571;91;0.005;118.0;146.8;0.206;0.286;0.464;3;55.839
NFCA002;arthroscopie genou;0.481;membre inférieur;27;0.058;0.148;0.0;0.333;1.333;1.0;2.4;0.0;36;0.002;76.5;118.5;0.344;0.63;0.556;3;44.474
MDCA014;main simple;0.519;membre supérieur;27;0.115;1.0;1.0;1.0;0.0;0.0;0.0;0.0;0;0.0;58.0;79.0;0.372;0.481;0.0;3;32.522
LHPA003;rachis lombaire simple;0.731;rachis / tête et tronc;26;0.058;0.0;;0.0;2.692;2.0;4.0;0.346;70;0.004;123.5;151.0;0.183;0.115;0.192;1;53.585
QCJA001;main simple;0.615;peau et tissus mous;26;0.154;0.885;1.0;0.875;0.115;0.0;0.5;0.0;3;0.0;42.5;61.0;0.386;0.5;0.038;2;46.838
NJPA002;cheville simple;0.462;membre inférieur;26;0.308;0.5;0.0;0.5;0.769;0.5;2.0;0.0;20;0.001;75.5;100.0;0.259;0.846;0.269;3;49.473
NFMA005;arthroscopie genou;0.385;membre inférieur;26;0.135;0.0;0.0;0.0;1.769;2.0;3.0;0.0;46;0.003;66.5;107.5;0.294;0.846;0.885;3;19.823
NFKA002;prothese totale genou;0.88;membre inférieur;25;0.077;0.0;0.0;0.0;5.24;5.0;6.0;0.52;131;0.008;176.0;199.7;0.254;0.4;0.96;4;72.368
NCPA001;transposition tuberosite tibiale anterieure du genou;0.52;membre inférieur;25;0.115;0.0;0.0;0.0;2.36;2.0;3.0;0.04;59;0.003;84.0;112.4;0.346;0.24;0.32;5;33.724
NHDA003;arthrodese arriere pied;0.4;membre inférieur;25;0.038;0.0;0.0;0.0;2.4;2.0;3.0;0.0;60;0.003;139.0;181.6;0.286;0.64;0.64;3;49.272
PCEA002;reprise tendon;0.208;ostéo-articulaire sans précision;24;0.231;0.167;0.0;0.167;1.167;1.0;2.0;0.042;28;0.002;79.0;111.6;0.271;0.458;0.292;4;47.542
NFJC001;arthroscopie genou;0.792;membre inférieur;24;0.135;0.417;0.571;0.429;1.958;1.0;5.0;0.167;47;0.003;57.0;77.9;0.218;0.583;0.458;5;48.479
MHCA002;main simple;0.542;membre supérieur;24;0.115;1.0;1.0;1.0;0.0;0.0;0.0;0.0;0;0.0;53.5;94.0;0.368;0.583;0.0;2;39.883
MHPA004;main simple;0.792;membre supérieur;24;0.077;0.875;0.857;1.0;0.125;0.0;0.7;0.0;3;0.0;49.0;88.4;0.38;0.542;0.0;2;55.25
MEKA008;prothese totale epaule;1.0;membre supérieur;24;0.115;0.0;0.0;0.0;3.5;3.5;5.0;0.5;84;0.005;158.0;180.5;0.133;0.458;0.708;2;78.417
MDCA001;osteosynthese membre superieur;0.375;membre supérieur;24;0.135;0.958;1.0;0.857;0.042;0.0;0.0;0.0;1;0.0;65.5;120.6;0.424;0.625;0.0;3;31.604
MDEP002;reduction fracture;0.391;membre supérieur;23;0.077;1.0;1.0;1.0;0.0;0.0;0.0;0.0;0;0.0;25.0;58.2;0.816;0.304;0.0;2;16.548
MGCA001;main simple;0.304;membre supérieur;23;0.135;0.304;0.0;0.143;0.696;1.0;1.0;0.0;16;0.001;120.0;163.0;0.387;0.826;0.043;2;39.765
NGKA001;prothese totale cheville;0.957;membre inférieur;23;0.154;0.0;0.0;0.0;2.478;2.0;3.0;0.0;57;0.003;160.0;178.0;0.107;0.652;0.652;2;66.039
EJSF771;varices;1.0;vaisseaux;22;0.135;1.0;;1.0;0.0;0.0;0.0;0.0;0;0.0;55.5;60.9;0.118;0.727;0.0;2;64.3
MJPA011;main simple;0.682;membre supérieur;22;0.115;1.0;1.0;1.0;0.0;0.0;0.0;0.0;0;0.0;36.0;58.9;0.383;0.682;0.0;3;50.159
MJMA002;main simple;0.864;membre supérieur;22;0.135;1.0;1.0;1.0;0.0;0.0;0.0;0.0;0;0.0;54.5;101.4;0.388;0.318;0.0;3;44.9
NHDA009;arthrodese arriere pied;0.524;membre inférieur;21;0.019;0.0;0.0;0.0;2.381;2.0;3.0;0.0;50;0.003;150.0;183.0;0.177;0.667;0.667;2;58.457
MJPA009;main simple;0.619;membre supérieur;21;0.096;1.0;1.0;1.0;0.0;0.0;0.0;0.0;0;0.0;40.0;59.0;0.277;0.667;0.0;2;49.071
NJPA019;cheville simple;0.524;membre inférieur;21;0.25;0.476;;0.462;0.952;1.0;2.0;0.048;20;0.001;102.0;152.0;0.384;0.667;0.286;1;53.405
MJCA012;main simple;0.8;membre supérieur;20;0.058;0.85;0.333;1.0;0.15;0.0;1.0;0.0;3;0.0;50.0;73.9;0.42;0.3;0.0;2;51.22
