fonction;graine;temps;iterations;lits_moyen;lits_ecart_type;lits_pic;lits_min;variation_nuit_a_nuit;nuits_hors_2lits_pct;ecart_cible_lits;lits_weekend;lits_semaine;ratio_weekend_semaine;lits_vacances;lits_hors_vacances;ambu_ecart_type;ambu_pic;bloc_remplissage_pct;bloc_heures_perdues;vacations_ouvertes;decalage_moyen_j;patients_deplaces_pct;patients_sans_creneau;depassement_min;violations
C0 groupe (actuelle);0;20.94200920000003;78100;11.92;3.318243941777466;19;4;2.764367816091954;60.57142857142857;3.5733109046239773;10.733333333333333;12.81;0.837887067395264;11.916666666666666;11.920863309352518;1.3466256807272994;10;79.90129884215949;1235.3666666666666;753;-2.8006522625356705;86.28454452405322;0;0;0
C0 groupe (actuelle);1;13.910381500001677;78100;11.925714285714285;3.3975068890621087;20;3;2.660919540229885;54.857142857142854;3.6062809901184103;10.72;12.83;0.8355416991426345;11.722222222222221;11.97841726618705;1.4096179426880404;11;79.90129884215949;1235.3666666666666;753;-2.9470036689767634;86.79631525076766;0;0;0
C0 groupe (actuelle);2;15.922092300002987;78100;12.034285714285714;3.4556738319252673;20;3;2.6494252873563218;59.42857142857143;3.6413634098123704;10.8;12.96;0.8333333333333334;11.86111111111111;12.079136690647482;1.391918089360347;10;80.15721474228205;1215.8666666666666;751;-2.905829596412556;87.92221084953941;0;0;0
C1 groupe normalisée;0;16.545485800001188;78100;12.005714285714285;2.697082323775915;17;3;2.1954022988505746;45.714285714285715;2.9793502028085355;11.053333333333333;12.72;0.8689727463312368;11.694444444444445;12.086330935251798;1.296599135830186;10;79.65988049855355;1253.8666666666666;755;-0.5670607419486343;84.85158648925281;0;0;0
C1 groupe normalisée;1;15.679126300001371;78100;11.937142857142858;2.7529813153105454;17;4;2.1724137931034484;45.142857142857146;3.0123081684145974;10.853333333333333;12.75;0.8512418300653595;11.666666666666666;12.007194244604317;1.3739902440079608;10;79.83229022731582;1240.6166666666666;754;-0.6396249490419894;85.77277379733879;0;0;0
C1 groupe normalisée;2;15.421199199998227;78100;12.0;2.6076809620810595;17;5;2.1091954022988504;45.142857142857146;2.936470218995027;10.973333333333333;12.77;0.8593056643174106;11.88888888888889;12.028776978417266;1.3300907683638008;10;79.83229022731582;1240.6166666666666;754;-0.5776600081532817;87.20573183213921;0;0;0
C2 cible lits;0;11.011447799999587;78100;11.954285714285714;2.97958221972169;17;4;2.0402298850574714;37.142857142857146;2.3528102295868494;10.306666666666667;13.19;0.7814000505433409;9.277777777777779;12.647482014388489;1.1142629219186222;10;86.50567849197986;768.3666666666667;695;-1.198124745209947;85.26100307062435;0;0;0
C2 cible lits;1;10.695838399999047;78100;11.93142857142857;3.0455373843024276;17;4;2.0689655172413794;36.57142857142857;2.3270221668351834;10.186666666666667;13.24;0.7693856998992951;9.027777777777779;12.683453237410072;1.0984587248722337;10;87.10896982555398;729.1166666666667;690;-1.487158581328985;86.1310133060389;0;0;0
C2 cible lits;2;11.634682700001576;78100;11.977142857142857;2.989418071826566;17;3;2.057471264367816;39.42857142857143;2.3271345963220065;10.36;13.19;0.7854435178165277;9.166666666666666;12.70503597122302;1.2247588132660112;10;86.62974034347342;760.3666666666667;691;-0.9612719119445576;86.69396110542478;0;0;0
C3 cible lits seule;0;10.269876899998053;78100;11.971428571428572;2.90305961048698;16;3;1.867816091954023;25.142857142857142;2.0812513450389396;10.08;13.39;0.7528005974607916;9.11111111111111;12.712230215827338;3.632905944379834;18;81.47601679929267;1117.3666666666666;739;0.8030982470444353;86.02865916069601;0;0;0
C3 cible lits seule;1;9.88996380000026;78100;11.914285714285715;2.8662711323393038;16;4;1.9137931034482758;25.714285714285715;2.1957538849266682;10.12;13.26;0.7631975867269984;9.36111111111111;12.575539568345324;3.9545260239425226;17;80.61585582629147;1181.3666666666666;745;0.17651854871585812;84.69805527123849;0;0;0
C3 cible lits seule;2;11.462172399998963;78100;12.01142857142857;2.754712474347646;16;4;1.7471264367816093;21.142857142857142;1.9995584979304848;10.346666666666666;13.26;0.7802916038210155;9.222222222222221;12.733812949640289;3.6969779080512986;18;80.72181604096498;1173.3666666666666;745;0.6216877293110477;86.1310133060389;0;0;0
