T0_facteur;alpha;graine;temps;iterations;cout_final;taux_acceptation;lits_moyen;lits_ecart_type;lits_pic;lits_min;variation_nuit_a_nuit;nuits_hors_2lits_pct;ecart_cible_lits;lits_weekend;lits_semaine;ratio_weekend_semaine;lits_vacances;lits_hors_vacances;ambu_ecart_type;ambu_pic;bloc_remplissage_pct;bloc_heures_perdues;vacations_ouvertes;decalage_moyen_j;patients_deplaces_pct;patients_sans_creneau;depassement_min;violations
0.1;0.99;0;3.4975708999991184;23000;0.5317117165442109;0.0067062161465050295;12.045714285714286;3.6313195442776807;18;0;2.5919540229885056;57.142857142857146;3.080009377141211;10.186666666666667;13.44;0.757936507936508;9.38888888888889;12.733812949640289;1.4720490781530429;12;84.57141220608872;897.8666666666667;711;-0.6457399103139013;69.70317297850563;0;0;0
0.1;0.99;1;3.472803800003021;23000;0.5473524341715483;0.006749156355455568;12.04;3.755924843307095;18;1;2.764367816091954;60.0;3.175227468586487;9.946666666666667;13.61;0.7308351702179771;9.416666666666666;12.719424460431656;1.5516955348434005;11;84.40890641971073;909.1166666666667;710;-0.735833673053404;70.47082906857727;0;0;0
0.1;0.995;0;6.3052411999997275;46000;0.4617100087718198;0.005799820887884345;11.942857142857143;3.1254060960627377;17;2;2.160919540229885;43.42857142857143;2.5719635471407125;10.2;13.25;0.7698113207547169;9.472222222222221;12.582733812949641;1.3488555305893495;10;85.87293283343506;810.1166666666667;700;-1.078271504280473;79.63152507676561;0;0;0
0.1;0.995;1;6.6640981000018655;46000;0.4656835779864365;0.005115743701240568;12.01142857142857;3.3243492534906247;17;2;2.2988505747126435;49.142857142857146;2.701582195948209;10.133333333333333;13.42;0.7550919026328862;9.333333333333334;12.70503597122302;1.3292175165631714;10;86.4050396094595;775.1166666666667;692;-1.2719119445576845;79.7338792221085;0;0;0
0.1;0.998;0;15.528210200001922;115100;0.40584654553625704;0.005367903985415506;11.977142857142857;2.884350455652088;16;4;1.9827586206896552;32.0;2.1795883163376217;10.306666666666667;13.23;0.7790375409423028;9.194444444444445;12.697841726618705;1.0756508696544755;10;86.84028083781322;746.6166666666667;690;-1.5536078271504281;87.87103377686796;0;0;0
0.1;0.998;1;16.834940999997343;115100;0.4023398367845264;0.0050992166663871045;11.90857142857143;2.7841768651302545;16;3;1.8908045977011494;30.285714285714285;2.2004621787578795;10.32;13.1;0.7877862595419848;9.416666666666666;12.553956834532373;1.0990181956944984;10;87.45578231292517;706.8666666666667;685;-1.5992662046473705;86.489252814739;0;0;0
0.5;0.99;0;7.046059799999057;39000;0.4689069174848234;0.014519977661572828;11.98857142857143;3.2583757065289385;18;3;2.2758620689655173;46.285714285714285;2.6625873497242436;10.266666666666667;13.28;0.7730923694779117;9.277777777777779;12.690647482014388;1.4029153833998642;10;86.22749423677377;786.6166666666667;698;-0.9343660823481451;79.47799385875128;0;0;0
0.5;0.99;1;5.990951600000699;39000;0.4756948459886621;0.014681229362458725;11.914285714285715;3.3769929867639736;18;2;2.396551724137931;52.57142857142857;2.7300093405499664;9.933333333333334;13.4;0.7412935323383084;9.194444444444445;12.618705035971223;1.430635565176181;11;86.057375855541;797.8666666666667;699;-1.1842641663269466;78.60798362333675;0;0;0
0.5;0.995;0;10.399123000002874;78100;0.4255299506967319;0.015701545032031153;11.954285714285714;2.97958221972169;17;4;2.0402298850574714;37.142857142857146;2.3528102295868494;10.306666666666667;13.19;0.7814000505433409;9.277777777777779;12.647482014388489;1.1142629219186222;10;86.50567849197986;768.3666666666667;695;-1.198124745209947;85.26100307062435;0;0;0
0.5;0.995;1;10.08639680000124;78100;0.41536606563053474;0.015901237041117844;11.93142857142857;3.0455373843024276;17;4;2.0689655172413794;36.57142857142857;2.3270221668351834;10.186666666666667;13.24;0.7693856998992951;9.027777777777779;12.683453237410072;1.0984587248722337;10;87.10896982555398;729.1166666666667;690;-1.487158581328985;86.1310133060389;0;0;0
0.5;0.998;0;24.266989200001262;195500;0.38306670434390666;0.015457457178665923;11.925714285714285;2.6425466999136438;16;4;1.7586206896551724;21.714285714285715;1.9544569813894153;10.32;13.13;0.785986290936786;9.305555555555555;12.60431654676259;1.0842521659532711;10;87.60791633336295;697.1166666666667;684;-1.8006522625356707;89.30399181166837;0;0;0
0.5;0.998;1;25.55879990000176;195500;0.37862408906790157;0.015392432303186085;11.92;2.586647029871462;16;5;1.7586206896551724;20.0;1.8677630815310309;10.373333333333333;13.08;0.7930682976554536;9.222222222222221;12.618705035971223;1.084189170155876;10;87.58456252591671;698.6166666666667;684;-1.748471259682022;88.63868986693961;0;0;0
2;0.99;0;7.479114400000981;52800;0.4683995874431778;0.03489702517162471;11.982857142857142;3.2026315710040447;18;4;2.2586206896551726;44.57142857142857;2.634014994145193;10.226666666666667;13.3;0.768922305764411;9.444444444444445;12.640287769784173;1.3610544050996436;11;85.70293008413113;821.3666666666667;703;-1.019160211985324;85.05629477993858;0;0;0
2;0.99;1;6.878506900000502;52800;0.45932745540406983;0.034470937761864856;11.93142857142857;3.143407743977539;17;4;2.2528735632183907;40.0;2.515295896970968;10.106666666666667;13.3;0.7598997493734336;9.305555555555555;12.611510791366907;1.3886756964380633;10;85.78006154560762;816.3666666666667;699;-1.1581736649001222;85.6704196519959;0;0;0
2;0.995;0;13.973859200003062;105800;0.4264217430673206;0.03447691496573021;11.90857142857143;2.9631422923811743;16;4;2.0402298850574714;34.285714285714285;2.37309260481143;10.213333333333333;13.18;0.7749114820435002;9.38888888888889;12.56115107913669;1.1999704023852595;10;87.07932019675415;731.1166666666667;688;-1.2971871178149206;87.51279426816787;0;0;0
2;0.995;1;13.764398200000869;105800;0.41567345326984406;0.03368031983103266;11.902857142857142;2.8877559962499517;16;4;1.9482758620689655;31.428571428571427;2.2490908383528874;10.266666666666667;13.13;0.7819243462807819;9.222222222222221;12.597122302158274;1.1419322611184048;10;87.00129495555949;736.1166666666667;690;-1.1748878923766817;88.0245649948823;0;0;0
2;0.998;0;33.87100559999817;264700;0.3710393956092244;0.03448378992702476;11.925714285714285;2.6425466999136438;16;5;1.7988505747126438;23.428571428571427;1.919906646216695;10.333333333333334;13.12;0.7876016260162603;9.222222222222221;12.62589928057554;0.9799576104318438;10;88.24189265789553;656.8666666666667;679;-1.7468406033428454;88.07574206755373;0;0;0
2;0.998;1;39.936576199997944;264700;0.3665131146170895;0.03348022235356611;11.925714285714285;2.5657461022526156;16;5;1.6666666666666667;22.285714285714285;1.8271917272367033;10.453333333333333;13.03;0.8022512151445382;9.11111111111111;12.654676258992806;0.9359663764533637;10;87.9171126174337;677.3666666666667;683;-1.7761924174480228;90.02047082906857;0;0;0
5;0.99;0;8.031559899998683;61900;0.46369118950267685;0.049012821780546494;11.971428571428572;3.11939292890427;17;1;2.132183908045977;42.285714285714285;2.595001581025639;10.28;13.24;0.7764350453172205;9.583333333333334;12.589928057553957;1.292060945777445;10;85.72655524605386;819.8666666666667;701;-1.176518548715858;86.489252814739;0;0;0
5;0.99;1;9.074383999999554;61900;0.44709957766422215;0.04719879714976793;11.954285714285714;2.9738232109182143;17;4;2.0977011494252875;40.57142857142857;2.411341610464139;10.306666666666667;13.19;0.7814000505433409;9.472222222222221;12.597122302158274;1.4111676124622476;10;86.2576991563768;784.6166666666667;698;-1.0709335507541786;86.54042988741044;0;0;0
5;0.995;0;19.387424100001226;124000;0.41844915283801315;0.04880872784201171;11.937142857142858;3.0764623202898593;16;3;2.086206896551724;34.857142857142854;2.317549638578099;10.16;13.27;0.7656367746797288;8.916666666666666;12.719424460431656;1.1204368482699059;10;87.05951644727155;732.3666666666667;689;-1.295556461475744;88.94575230296827;0;0;0
5;0.995;1;15.922291800001403;124000;0.4048933514508763;0.049171783637637016;11.885714285714286;2.9098004700512035;17;4;1.9425287356321839;29.714285714285715;2.1914180958761436;10.066666666666666;13.25;0.7597484276729559;9.166666666666666;12.589928057553957;1.11303630010039;10;87.60347228394512;697.3666666666667;685;-1.1341214838972686;88.7410440122825;0;0;0
5;0.998;0;39.390546200000244;310500;0.3767609250161974;0.04994709269489688;11.93142857142857;2.6111597235789343;16;5;1.7183908045977012;21.714285714285715;1.8652049089566543;10.306666666666667;13.15;0.7837769328263625;9.222222222222221;12.633093525179856;1.099391018070472;10;87.76837918855549;686.8666666666667;683;-1.6612311455360782;89.86693961105425;0;0;0
5;0.998;1;42.02611439999964;310500;0.3693721889220277;0.04823728440033964;11.92;2.6628448804132128;17;5;1.6781609195402298;20.571428571428573;1.7855423114156126;10.213333333333333;13.2;0.7737373737373737;8.944444444444445;12.690647482014388;1.0842521659532711;10;88.10230285697263;665.6166666666667;682;-1.5576844679983692;90.83930399181166;0;0;0
