poids_lits;graine;lits_moyen;lits_ecart_type;lits_pic;lits_min;variation_nuit_a_nuit;nuits_hors_2lits_pct;ecart_cible_lits;lits_weekend;lits_semaine;ratio_weekend_semaine;lits_vacances;lits_hors_vacances;ambu_ecart_type;ambu_pic;bloc_remplissage_pct;bloc_heures_perdues;vacations_ouvertes;decalage_moyen_j;patients_deplaces_pct;patients_sans_creneau;depassement_min;violations
0.1;0;11.971428571428572;3.399879949861375;19;5;2.3735632183908044;53.142857142857146;2.944515436716849;10.32;13.21;0.781226343679031;9.583333333333334;12.589928057553957;1.0766029136847648;10;87.3251830852823;715.3666666666667;683;-2.403587443946188;86.54042988741044;0;0;0
0.1;1;11.971428571428572;3.413299319558418;18;3;2.4942528735632186;52.57142857142857;2.9082680579698734;10.253333333333334;13.26;0.7732528908999498;9.472222222222221;12.618705035971223;1.1860008052184563;10;87.53899890477459;701.6166666666667;682;-2.2682429677945373;86.23336745138178;0;0;0
0.25;0;11.925714285714285;3.1204709220741353;17;3;2.1724137931034484;40.57142857142857;2.4603023720248225;10.146666666666667;13.26;0.7652086475615887;9.166666666666666;12.640287769784173;1.028120432402247;10;86.82173274596182;747.8666666666667;689;-1.5458622095393395;85.56806550665301;0;0;0
0.25;1;11.93142857142857;2.9714615382786613;17;4;2.1264367816091956;43.42857142857143;2.417476425123466;10.306666666666667;13.15;0.7837769328263625;9.444444444444445;12.575539568345324;1.1570838237598051;10;87.18388770936542;724.3666666666667;687;-1.6767223807582552;85.15864892528147;0;0;0
0.4;0;11.98857142857143;3.1532089259375513;17;2;2.0804597701149423;38.857142857142854;2.4735966022518063;10.146666666666667;13.37;0.7589129892794815;9.222222222222221;12.70503597122302;1.126334405048111;10;87.05624263839812;732.6166666666667;688;-1.342845495311863;85.61924257932446;0;0;0
0.4;1;11.93142857142857;2.9229898028825043;17;4;1.9540229885057472;39.42857142857143;2.3393214319412765;10.373333333333333;13.1;0.7918575063613231;9.333333333333334;12.60431654676259;1.1991732689339019;10;87.11010931376883;729.1166666666667;688;-1.2494904198940073;85.26100307062435;0;0;0
0.6;0;11.942857142857143;2.981302276741847;16;4;1.9885057471264367;34.857142857142854;2.2933193017083355;10.16;13.28;0.7650602409638555;9.25;12.640287769784173;1.4433737012827061;10;86.4753043071161;770.3666666666667;695;-0.9816551161842642;85.46571136131013;0;0;0
0.6;1;11.937142857142858;3.0372060200393496;17;2;2.057471264367816;36.0;2.394453769837566;10.173333333333334;13.26;0.767219708396179;9.277777777777779;12.62589928057554;1.3628597838808558;10;87.16290726817041;725.6166666666667;690;-1.0953933958418263;86.33572159672467;0;0;0
0.8;0;11.96;2.8512854244057313;17;3;1.9022988505747127;33.142857142857146;2.195973225125016;10.24;13.25;0.7728301886792452;9.38888888888889;12.62589928057554;1.6143438729994808;10;85.95973701053121;804.3666666666667;699;-0.7888300040766408;85.77277379733879;0;0;0
0.8;1;11.891428571428571;2.953871206068541;16;2;2.0344827586206895;26.857142857142858;2.2283469564016443;10.08;13.25;0.7607547169811321;9.11111111111111;12.611510791366907;1.6259792381906712;11;85.67620870674904;823.1166666666667;704;-0.8157358336730534;85.82395087001024;0;0;0
1.0;0;11.971428571428572;2.90305961048698;16;3;1.867816091954023;25.142857142857142;2.0812513450389396;10.08;13.39;0.7528005974607916;9.11111111111111;12.712230215827338;3.632905944379834;18;81.47601679929267;1117.3666666666666;739;0.8030982470444353;86.02865916069601;0;0;0
1.0;1;11.914285714285715;2.8662711323393038;16;4;1.9137931034482758;25.714285714285715;2.1957538849266682;10.12;13.26;0.7631975867269984;9.36111111111111;12.575539568345324;3.9545260239425226;17;80.61585582629147;1181.3666666666666;745;0.17651854871585812;84.69805527123849;0;0;0
