semaines;patients;graine;budget;iterations;temps;reel_lits_ecart_type;reel_nuits_hors_2lits_pct;lits_moyen;lits_ecart_type;lits_pic;lits_min;variation_nuit_a_nuit;nuits_hors_2lits_pct;ecart_cible_lits;lits_weekend;lits_semaine;ratio_weekend_semaine;lits_vacances;lits_hors_vacances;ambu_ecart_type;ambu_pic;bloc_remplissage_pct;bloc_heures_perdues;vacations_ouvertes;decalage_moyen_j;patients_deplaces_pct;patients_sans_creneau;depassement_min;violations
8;643;0;fixe;80000;14.984773899999709;5.047952454173061;67.85714285714286;13.446428571428571;2.8593183681801237;18;7;1.6727272727272726;10.714285714285714;1.5759532823293212;11.833333333333334;14.65625;0.8073916133617627;10.0625;14.8;1.1302654555457317;8;85.75500895911387;437.25;361;-1.5719874804381846;88.64696734059098;0;0;0
8;643;0;proportionnel;64300;12.197336000001087;5.047952454173061;67.85714285714286;13.571428571428571;2.7636488745933003;17;8;1.6363636363636365;5.357142857142857;1.5077901916659386;12.125;14.65625;0.8272921108742004;10.25;14.9;1.1445523142259597;9;85.31604538087521;453.0;362;-1.2433489827856026;85.84758942457232;0;0;0
8;643;1;fixe;80000;15.824255799998355;5.047952454173061;67.85714285714286;13.517857142857142;2.796624696643715;17;7;1.6;7.142857142857143;1.522331526984121;12.083333333333334;14.59375;0.8279800142755175;10.125;14.875;1.1390785749894516;8;86.01764129369487;428.0;358;-1.365414710485133;88.33592534992223;0;0;0
8;643;1;proportionnel;64300;12.352282600000763;5.047952454173061;67.85714285714286;13.428571428571429;2.711464699443187;17;7;1.4727272727272727;10.714285714285714;1.5804452632574983;12.125;14.40625;0.841648590021692;10.125;14.75;1.1357816691600546;8;86.08205295848317;425.75;357;-1.305946791862285;87.55832037325038;0;0;0
13;1101;0;fixe;80000;12.770026300000609;4.875084955864143;64.83516483516483;13.934065934065934;2.4709396611086056;17;7;1.511111111111111;9.89010989010989;1.386172064680791;12.487179487179487;15.01923076923077;0.8314127187366623;10.125;14.746666666666666;1.059864901516913;9;86.90586221651691;510.01666666666665;458;-1.7474382157926462;87.46594005449592;0;0;0
13;1101;0;proportionnel;110100;18.29600070000015;4.875084955864143;64.83516483516483;13.945054945054945;2.513098159566873;17;8;1.488888888888889;9.89010989010989;1.3553351785494225;12.435897435897436;15.076923076923077;0.8248299319727892;10.0625;14.773333333333333;1.051344588508916;9;88.47416307518175;441.26666666666665;449;-1.9439421338155516;88.46503178928248;0;0;0
13;1101;1;fixe;80000;13.470706800002517;4.875084955864143;64.83516483516483;13.923076923076923;2.640474354781478;17;7;1.6888888888888889;9.89010989010989;1.4569561610537856;12.282051282051283;15.153846153846153;0.8104906937394248;9.9375;14.773333333333333;1.0407098169407856;9;87.33995442624361;490.76666666666665;455;-1.78541289933695;90.73569482288828;0;0;0
13;1101;1;proportionnel;110100;17.17832400000043;4.875084955864143;64.83516483516483;13.945054945054945;2.428596290459982;17;7;1.5777777777777777;5.4945054945054945;1.3249249243180674;12.435897435897436;15.076923076923077;0.8248299319727892;10.25;14.733333333333333;1.0742824769289903;9;87.28366417461545;493.26666666666665;455;-1.6925858951175408;88.8283378746594;0;0;0
25;1954;0;fixe;80000;11.486590100001195;5.118558470538998;71.42857142857143;11.942857142857143;3.008016500171853;17;3;2.103448275862069;39.42857142857143;2.4240201216994643;10.16;13.28;0.7650602409638555;9.527777777777779;12.568345323741006;1.084189170155876;10;86.88947677836568;743.3666666666667;691;-1.5980432123929882;86.23336745138178;0;0;0
25;1954;0;proportionnel;195400;26.993052000001626;5.118558470538998;71.42857142857143;11.925714285714285;2.6425466999136438;16;4;1.7586206896551724;21.714285714285715;1.9544569813894153;10.32;13.13;0.785986290936786;9.305555555555555;12.60431654676259;1.0842521659532711;10;87.60791633336295;697.1166666666667;684;-1.8006522625356707;89.30399181166837;0;0;0
25;1954;1;fixe;80000;10.61936340000102;5.118558470538998;71.42857142857143;11.897142857142857;2.962767597489667;17;2;1.8620689655172413;32.57142857142857;2.284609001451868;10.266666666666667;13.12;0.7825203252032521;9.055555555555555;12.633093525179856;1.304110234550372;10;87.43250835329252;708.3666666666667;685;-1.38401956787607;85.10747185261003;0;0;0
25;1954;1;proportionnel;195400;26.8035925999975;5.118558470538998;71.42857142857143;11.92;2.586647029871462;16;5;1.7586206896551724;20.0;1.8677630815310309;10.373333333333333;13.08;0.7930682976554536;9.222222222222221;12.618705035971223;1.084189170155876;10;87.58456252591671;698.6166666666667;684;-1.748471259682022;88.63868986693961;0;0;0
